Identifiant,Nom,Email,Âge,Ville,Sexe,Date d'inscription,Dernière connexion,Catégorie préférée,Appareil,produit acheté
1,Yacine Ait Ben Hadi,yacine.ait ben hadi@yahoo.fr,44,Khouribga,Homme,2021-06-23,2024-01-21 07:06:57.289253,Sport,ordinateur portable,Adidas Chaussure Court Blanc
2,Aicha Alaoui,aicha.alaoui@hotmail.com,49,El Jadida,Femme,2024-10-04,2024-01-30 17:11:07.984653,Électronique,téléphone,Console de Jeu Vidéo Rétro Portable
3,Reda Amine,reda.amine@hotmail.com,35,Khouribga,Homme,2021-03-02,2024-01-08 23:06:05.130763,Électronique,téléphone,Data Frog 4K HD Console de jeu vidéo 2.4G Double contrôleur sans fil
4,Hassan El Ghazoui,hassan.el ghazoui@gmail.com,46,Meknès,Homme,2023-01-06,2024-08-14 18:58:10.814276,Électronique,téléphone,Data Frog Console de Jeu Vidéo Portable Rétro Jeux Bâton TV Bâton 4K Lite USB Jeux pour Gameboy Sega PS1 NES GBA SNES
5,Yacine Benyahia,yacine.benyahia@yahoo.fr,65,Meknès,Homme,2020-06-19,2024-05-15 23:25:19.345705,Électronique,ordinateur portable,"Console de jeu vidéo sans fil, écran HD 4K 64Gb HDMI avec 10000 jeux + 2 Manettes"
6,Samira El Mansouri,samira.el mansouri@gmail.com,61,Tanger,Femme,2024-08-21,2024-06-24 11:13:58.985507,Sport,ordinateur portable,Adidas Chaussure Court Blanc
7,Youssef El Bouziani,youssef.el bouziani@gmail.com,21,Safi,Homme,2022-04-09,2024-09-14 16:29:37.383008,Électronique,ordinateur portable,"Logitech G102 Souris Gaming légère avec éclairage RVB personnalisable, 6 boutons programmables, capteur de qualité de jeu, suivi 8 K dpi, couleur 16,8 mn, poids léger - Noir"
8,Mohamed Derkaoui,mohamed.derkaoui@gmail.com,18,Tanger,Homme,2024-07-01,2024-07-27 03:14:25.091664,Électronique,ordinateur portable,"Console de jeu vidéo sans fil, écran HD 4K 64Gb HDMI avec 10000 jeux + 2 Manettes"
9,Ikram Alami,ikram.alami@yahoo.fr,36,El Jadida,Femme,2024-05-11,2024-04-22 20:37:49.067774,Électronique,ordinateur portable,Xtrike Souris USB Gamer Optical GM-510 avec 7 boutons et 4800 DPI
10,Soukaina Qoubaa,soukaina.qoubaa@hotmail.com,48,Safi,Femme,2020-07-24,2024-04-25 08:06:28.027480,Beauté,ordinateur portable,L'Oréal Paris Offre spéciale Écran Visage UV Defender à l'acide hyaluronique SPF 50+ Moisture Fresh = Trousse Offerte
11,Walid El Asri,walid.el asri@yahoo.fr,23,Beni Mellal,Homme,2020-10-11,2024-07-02 21:48:31.079491,Maison,téléphone,Tableau moderne fleur jaune et doré 1 Pièce
12,Hassan Taoufik,hassan.taoufik@hotmail.com,60,Safi,Homme,2020-02-24,2024-01-14 01:28:38.633267,Maison,ordinateur portable,Echolink 43 Smart TV Frameless FHD-43SK12-1080P - Récepteur Intégré - HDMI
13,Omar El Maghraoui,omar.el maghraoui@hotmail.com,67,Tanger,Homme,2022-06-27,2024-08-30 16:27:12.858547,Sport,ordinateur portable,Adidas Chaussure Court Blanc
14,Badr Fassi Fihri,badr.fassi fihri@yahoo.fr,29,Kénitra,Homme,2024-08-08,2024-08-19 22:50:16.625042,Mode,téléphone,Birkenstock Arizona Big Buckle Nubuck Leather Burnt Orange
15,Souhail Aït Said,souhail.aït said@yahoo.fr,46,Beni Mellal,Homme,2024-08-31,2024-03-01 20:22:21.322610,Mode,ordinateur portable,Birkenstock Arizona Big Buckle Nubuck Leather Burnt Orange
16,Ayman Daki,ayman.daki@gmail.com,43,Meknès,Homme,2022-10-05,2024-01-04 05:32:21.000447,Électronique,téléphone,"Data Frog Manette sans fil RGB Multifonctions, avec batterie 1000mAh, Fonction Turbo programmable"
17,Laila Chaoui,laila.chaoui@gmail.com,25,Oujda,Femme,2023-09-26,2024-06-30 17:06:52.431770,Mode,ordinateur portable,Jacket Homme-Automne noir
18,Nawal El Maghraoui,nawal.el maghraoui@hotmail.com,35,Casablanca,Femme,2020-06-11,2024-03-11 18:00:45.703881,Beauté,téléphone,Garnier Pack SkinActive Vitamine C - Sérum Visage 30ml + Gel Nettoyant 50 ml + Crème de jour éclaircissante + SPF25 à La Vitamine C
19,Badr El Othmani,badr.el othmani@hotmail.com,45,Tétouan,Homme,2020-04-23,2024-10-30 19:21:48.943775,Mode,ordinateur portable,Jacket Homme-Automne noir
20,Ibtissam Bouanani,ibtissam.bouanani@yahoo.fr,45,Marrakech,Femme,2020-10-31,2024-05-24 23:41:27.282753,Mode,ordinateur portable,Jacket Homme-Automne noir
21,Souad Khalfi,souad.khalfi@yahoo.fr,18,Oujda,Femme,2021-07-15,2024-04-25 13:18:25.075228,Sport,ordinateur portable,Adidas Chaussure Court Blanc
22,Omar Rhani,omar.rhani@hotmail.com,30,Oujda,Homme,2024-07-23,2024-09-29 16:17:29.503529,Sport,ordinateur portable,Adidas Chaussure Court Blanc
23,Nada Qoubaa,nada.qoubaa@gmail.com,36,Nador,Femme,2021-04-01,2024-07-13 07:50:36.600662,Sport,téléphone,Adidas Chaussure Court Blanc
24,Anas Toumi,anas.toumi@gmail.com,33,El Jadida,Homme,2022-01-16,2024-05-27 00:15:32.514789,Sport,téléphone,Adidas Chaussure Court Blanc
25,Reda Abbadi,reda.abbadi@yahoo.fr,33,Oujda,Homme,2021-10-22,2024-03-26 21:44:08.253188,Électronique,ordinateur portable,Console de jeu vidéo avec Double manette sans fil (10000 jeux)
26,Houda Chami,houda.chami@hotmail.com,46,Tanger,Femme,2020-12-12,2024-04-24 08:30:58.342415,Mode,ordinateur portable,Jacket Homme-Automne noir
27,Ilham Rhani,ilham.rhani@gmail.com,55,Safi,Femme,2023-11-22,2024-01-22 23:19:16.585695,Sport,téléphone,Adidas Chaussure Court Blanc
28,Yasmine Benyahia,yasmine.benyahia@gmail.com,25,Casablanca,Femme,2023-04-12,2024-10-04 01:47:09.295622,Maison,téléphone,"Mellerware Batteur Mixeur Mélangeur MHM-301 5 Vitesses, 2 Fouets Métalliques - 2 ans de garantie"
29,Meriem Ben El Mahjoub,meriem.ben el mahjoub@gmail.com,69,Safi,Femme,2023-03-29,2024-05-22 14:00:56.454546,Maison,ordinateur portable,"Mellerware Batteur Mixeur Mélangeur MHM-301 5 Vitesses, 2 Fouets Métalliques - 2 ans de garantie"
30,Mouna Derkaoui,mouna.derkaoui@yahoo.fr,68,Nador,Femme,2023-04-20,2024-10-20 08:09:28.237019,Maison,téléphone,Echolink 43 Smart TV Frameless FHD-43SK12-1080P - Récepteur Intégré - HDMI
31,Khouloud Qachchach,khouloud.qachchach@yahoo.fr,35,El Jadida,Femme,2021-10-23,2024-07-28 15:28:49.147779,Maison,téléphone,"Mellerware Batteur Mixeur Mélangeur MHM-301 5 Vitesses, 2 Fouets Métalliques - 2 ans de garantie"
32,Maha Lamrani,maha.lamrani@yahoo.fr,69,Rabat,Femme,2024-07-10,2024-02-14 18:53:24.887444,Mode,ordinateur portable,Birkenstock Arizona Big Buckle Nubuck Leather Burnt Orange
33,Sara El Haddadi,sara.el haddadi@gmail.com,26,Oujda,Femme,2022-01-25,2024-07-05 12:43:29.279250,Électronique,téléphone,Manette Ninja Wireless Gaming Controller 4010 Touchpad pour PS4/PS3/PC/Android/iOS
34,Farah Ait El Caïd,farah.ait el caïd@gmail.com,19,Marrakech,Femme,2021-04-19,2024-05-11 01:15:17.261747,Électronique,ordinateur portable,Data Frog Console de Jeu Vidéo Portable Rétro Jeux Bâton TV Bâton 4K Lite USB Jeux pour Gameboy Sega PS1 NES GBA SNES
35,Hassan Moussaoui,hassan.moussaoui@hotmail.com,60,Agadir,Homme,2023-07-19,2024-05-11 20:34:17.314513,Sport,téléphone,Adidas Chaussure Court Blanc
36,Yasmine Qaraoui,yasmine.qaraoui@gmail.com,50,Safi,Femme,2023-09-23,2024-01-30 22:33:15.348770,Maison,téléphone,"Mellerware Batteur Mixeur Mélangeur MHM-301 5 Vitesses, 2 Fouets Métalliques - 2 ans de garantie"
37,Chaymae Amine,chaymae.amine@hotmail.com,56,Khouribga,Femme,2023-11-16,2024-01-17 05:16:53.043673,Maison,téléphone,Tableau moderne fleur jaune et doré 1 Pièce
38,Sanaa Guennoun,sanaa.guennoun@hotmail.com,22,Casablanca,Femme,2020-09-05,2024-11-06 03:48:31.985625,Électronique,ordinateur portable,"Logitech G102 Souris Gaming légère avec éclairage RVB personnalisable, 6 boutons programmables, capteur de qualité de jeu, suivi 8 K dpi, couleur 16,8 mn, poids léger - Noir"
39,Houda Ait Ben Hadi,houda.ait ben hadi@yahoo.fr,37,Beni Mellal,Femme,2022-09-05,2024-09-24 21:50:46.567218,Sport,ordinateur portable,Adidas Chaussure Court Blanc
40,Souad El Morabit,souad.el morabit@gmail.com,57,Safi,Femme,2021-02-27,2024-07-29 21:47:41.139801,Mode,ordinateur portable,Birkenstock Arizona Big Buckle Nubuck Leather Burnt Orange
41,Aicha Idrissi,aicha.idrissi@hotmail.com,20,Nador,Femme,2021-02-19,2024-04-16 13:02:01.708292,Sport,téléphone,Adidas Chaussure Court Blanc
42,Hanane Chami,hanane.chami@yahoo.fr,43,Marrakech,Femme,2023-03-12,2024-09-30 06:20:16.333943,Beauté,téléphone,Labello Pack de 2 Baumes à Lèvres - Blackberry Shine - 4.8g
43,Adil El Khattabi,adil.el khattabi@hotmail.com,44,Beni Mellal,Homme,2022-09-12,2024-05-28 15:26:42.972795,Mode,ordinateur portable,Jacket Homme-Automne noir
44,Salma Toumi,salma.toumi@yahoo.fr,33,Tanger,Femme,2022-09-10,2024-06-10 17:40:00.074189,Électronique,ordinateur portable,2 Manettes PC Gaming USB + CD de jeux pour s'amuser avec les émulateurs
45,Hanane El Khattabi,hanane.el khattabi@hotmail.com,62,Tétouan,Femme,2023-08-12,2024-02-12 22:17:53.970736,Mode,ordinateur portable,Birkenstock Arizona Big Buckle Nubuck Leather Burnt Orange
46,Marwa Mimouni,marwa.mimouni@gmail.com,52,Safi,Femme,2022-06-30,2024-08-19 03:34:26.518688,Électronique,téléphone,Razer Casque Sans Fil Barracuda
47,Salma Amzil,salma.amzil@yahoo.fr,43,Casablanca,Femme,2021-08-19,2024-07-29 20:29:35.850650,Beauté,ordinateur portable,L'Oréal Paris Offre spéciale Écran Visage UV Defender à l'acide hyaluronique SPF 50+ Moisture Fresh = Trousse Offerte
48,Farouk Mouhtad,farouk.mouhtad@hotmail.com,19,Safi,Homme,2024-08-17,2024-06-13 18:55:46.516769,Mode,téléphone,Jacket Homme-Automne noir
49,Asmae Ait El Caïd,asmae.ait el caïd@hotmail.com,64,Khouribga,Femme,2021-09-26,2024-08-23 01:57:45.663313,Sport,téléphone,Adidas Chaussure Court Blanc
50,Mouna El Ghazoui,mouna.el ghazoui@hotmail.com,68,Khouribga,Femme,2024-03-28,2024-06-12 15:44:30.234484,Maison,téléphone,"Mellerware Batteur Mixeur Mélangeur MHM-301 5 Vitesses, 2 Fouets Métalliques - 2 ans de garantie"
51,Idriss Rhani,idriss.rhani@gmail.com,28,El Jadida,Homme,2023-05-16,2024-09-07 11:35:03.121788,Maison,téléphone,"Mellerware Batteur Mixeur Mélangeur MHM-301 5 Vitesses, 2 Fouets Métalliques - 2 ans de garantie"
52,Khadija El Kabbaj,khadija.el kabbaj@hotmail.com,49,Tanger,Femme,2022-07-03,2024-10-22 08:04:08.814621,Sport,téléphone,Adidas Chaussure Court Blanc
53,Ibtissam Chahboun,ibtissam.chahboun@hotmail.com,61,Khouribga,Femme,2024-03-31,2024-03-18 03:19:41.916252,Beauté,téléphone,L'Oréal Paris Offre spéciale Écran Visage UV Defender à l'acide hyaluronique SPF 50+ Moisture Fresh = Trousse Offerte
54,Mustapha Benjelloun,mustapha.benjelloun@yahoo.fr,67,Casablanca,Homme,2022-12-14,2024-01-22 13:36:02.214322,Mode,téléphone,Jacket Homme-Automne noir
55,Anas El Baz,anas.el baz@gmail.com,25,Casablanca,Homme,2021-07-01,2024-08-22 09:33:35.807493,Électronique,téléphone,"Logitech G102 Souris Gaming légère avec éclairage RVB personnalisable, 6 boutons programmables, capteur de qualité de jeu, suivi 8 K dpi, couleur 16,8 mn, poids léger - Noir"
56,Malak Toumi,malak.toumi@gmail.com,52,Nador,Femme,2023-10-04,2024-04-11 01:30:55.626058,Électronique,téléphone,Ge Souris Wired Gaming RGB - Noir
57,Fatima Ben El Mahjoub,fatima.ben el mahjoub@gmail.com,26,Fès,Femme,2020-07-21,2024-09-05 05:09:11.457865,Électronique,ordinateur portable,Ge Souris Wired Gaming RGB - Noir
58,Malak Mekouar,malak.mekouar@yahoo.fr,51,Casablanca,Femme,2024-05-23,2024-07-20 11:55:41.566239,Sport,ordinateur portable,Adidas Chaussure Court Blanc
59,Nadir Lemrabet,nadir.lemrabet@yahoo.fr,70,Khouribga,Homme,2022-01-06,2024-08-14 12:33:30.666961,Sport,téléphone,Adidas Chaussure Court Blanc
60,Imran Amine,imran.amine@yahoo.fr,42,Agadir,Homme,2020-07-07,2024-10-04 05:24:03.633426,Sport,téléphone,Adidas Chaussure Court Blanc
61,Hajar Benchekroun,hajar.benchekroun@yahoo.fr,44,Safi,Femme,2020-11-29,2024-01-20 02:14:42.746410,Sport,ordinateur portable,Adidas Chaussure Court Blanc
62,Imran El Kabbaj,imran.el kabbaj@yahoo.fr,27,Meknès,Homme,2020-02-21,2024-02-08 15:38:54.255447,Électronique,téléphone,"Console de jeu vidéo sans fil, écran HD 4K 64Gb HDMI avec 20000 jeux + 2 Manettes"
63,Manal El Baz,manal.el baz@gmail.com,31,Oujda,Femme,2023-07-12,2024-01-14 14:43:07.878508,Maison,ordinateur portable,"Mellerware Batteur Mixeur Mélangeur MHM-301 5 Vitesses, 2 Fouets Métalliques - 2 ans de garantie"
64,Fouad Fassi Fihri,fouad.fassi fihri@yahoo.fr,42,Nador,Homme,2024-05-18,2024-07-28 23:01:01.531133,Électronique,ordinateur portable,Data Frog Console de Jeu Vidéo Portable Rétro Jeux Bâton TV Bâton 4K Lite USB Jeux pour Gameboy Sega PS1 NES GBA SNES
65,Souad Moutawakel,souad.moutawakel@hotmail.com,46,Fès,Femme,2024-05-30,2024-06-04 01:15:54.368561,Mode,ordinateur portable,Jacket Homme-Automne noir
66,Hafida Aït Said,hafida.aït said@gmail.com,62,Safi,Femme,2022-05-19,2024-11-03 14:58:26.274475,Beauté,téléphone,"Now Foods GTF Chrome (Chromium), 200 mcg, 250 comprimés"
67,Souhail El Khattabi,souhail.el khattabi@hotmail.com,31,Agadir,Homme,2022-05-29,2024-06-15 17:18:18.453030,Électronique,téléphone,2 Manettes PC Gaming USB + CD de jeux pour s'amuser avec les émulateurs
68,Rim Toumi,rim.toumi@yahoo.fr,44,Casablanca,Femme,2021-10-18,2024-08-28 22:17:14.337388,Maison,ordinateur portable,Elit MARMITE POUR LES PÂTES
69,Loubna Laalami,loubna.laalami@hotmail.com,58,El Jadida,Femme,2023-11-03,2024-08-07 20:29:21.422894,Sport,ordinateur portable,Adidas Chaussure Court Blanc
70,Manal El Kaidi,manal.el kaidi@yahoo.fr,56,Tanger,Femme,2023-05-18,2024-03-04 11:29:41.567681,Beauté,téléphone,Pretty by Flormar Eyeliner styler 109 Teal
71,Walid Tijani,walid.tijani@hotmail.com,49,Tanger,Homme,2023-10-28,2024-02-10 10:20:54.185272,Mode,téléphone,Jacket Homme-Automne noir
72,Hafsa Fassi Fihri,hafsa.fassi fihri@hotmail.com,65,Oujda,Femme,2024-03-02,2024-05-08 21:38:08.956997,Électronique,ordinateur portable,"Casque Gamer PC LED avec Micro HD : Super Bass, Son Surround 7.1"
73,Nawal Idrissi,nawal.idrissi@yahoo.fr,28,Rabat,Femme,2021-06-18,2024-05-08 05:08:24.758954,Mode,téléphone,Birkenstock Arizona Big Buckle Nubuck Leather Burnt Orange
74,Said Chahboun,said.chahboun@hotmail.com,66,Tanger,Homme,2022-05-11,2024-06-14 12:07:14.641746,Maison,ordinateur portable,Echolink 43 Smart TV Frameless FHD-43SK12-1080P - Récepteur Intégré - HDMI
75,Yacine Ouaziz,yacine.ouaziz@hotmail.com,47,Khouribga,Homme,2020-01-07,2024-08-22 07:59:59.885260,Sport,ordinateur portable,Adidas Chaussure Court Blanc
76,Ilham Guennoun,ilham.guennoun@hotmail.com,36,Agadir,Femme,2024-06-09,2024-05-17 00:31:41.647889,Sport,téléphone,Adidas Chaussure Court Blanc
77,Nadir Taoufik,nadir.taoufik@yahoo.fr,52,Meknès,Homme,2021-06-22,2024-05-30 02:13:02.170329,Électronique,ordinateur portable,Casque Bluetooth 5.0 Pour Chat Music Headset Cat Ear Headphones Wireless
78,Zineb Toumi,zineb.toumi@hotmail.com,44,Meknès,Femme,2021-08-31,2024-05-25 09:08:07.459820,Maison,téléphone,Tableau moderne fleur jaune et doré 1 Pièce
79,Samir Moussaoui,samir.moussaoui@yahoo.fr,53,Marrakech,Homme,2023-09-05,2024-07-17 16:55:54.815185,Mode,téléphone,Jacket Homme-Automne noir
80,Hanane Alami,hanane.alami@hotmail.com,61,Tétouan,Femme,2024-08-19,2024-01-25 07:04:23.134266,Électronique,ordinateur portable,"Data Frog Console de jeu vidéo avec manette sans fil, TV Game Stick, 2023 jeux intégrés"
81,Mustapha Fares,mustapha.fares@yahoo.fr,21,Khouribga,Homme,2020-11-16,2024-02-24 04:51:59.107972,Maison,ordinateur portable,"Mellerware Batteur Mixeur Mélangeur MHM-301 5 Vitesses, 2 Fouets Métalliques - 2 ans de garantie"
82,Aicha El Morabit,aicha.el morabit@gmail.com,23,Fès,Femme,2024-06-04,2024-06-19 03:16:49.352305,Sport,ordinateur portable,Adidas Chaussure Court Blanc
83,Imane Laalami,imane.laalami@gmail.com,64,Casablanca,Femme,2024-02-02,2024-02-13 04:57:52.112357,Maison,ordinateur portable,Echolink 43 Smart TV Frameless FHD-43SK12-1080P - Récepteur Intégré - HDMI
84,Aya Najmi,aya.najmi@hotmail.com,70,Khouribga,Femme,2023-11-24,2024-10-12 13:53:06.542059,Mode,téléphone,Birkenstock Arizona Big Buckle Nubuck Leather Burnt Orange
85,Loubna Sefiani,loubna.sefiani@yahoo.fr,55,El Jadida,Femme,2022-07-26,2024-04-12 09:06:05.330907,Électronique,ordinateur portable,"Console de jeu vidéo sans fil, écran HD 4K 64Gb HDMI avec 10000 jeux + 2 Manettes"
86,Imran Benchekroun,imran.benchekroun@gmail.com,44,Fès,Homme,2023-08-09,2024-03-24 15:06:54.290136,Maison,téléphone,Echolink 43 Smart TV Frameless FHD-43SK12-1080P - Récepteur Intégré - HDMI
87,Ibtissam Moutawakel,ibtissam.moutawakel@hotmail.com,65,Agadir,Femme,2024-09-11,2024-05-16 12:35:48.914757,Mode,téléphone,Jacket Homme-Automne noir
88,Ilyas Bennani,ilyas.bennani@hotmail.com,19,Marrakech,Homme,2024-07-05,2024-08-24 04:38:56.102046,Sport,téléphone,Adidas Chaussure Court Blanc
89,Aziz Najmi,aziz.najmi@gmail.com,26,Fès,Homme,2024-06-21,2024-06-23 09:37:59.209337,Électronique,ordinateur portable,"Console de jeu vidéo sans fil, écran HD 4K 64Gb HDMI avec 10000 jeux + 2 Manettes"
90,Yacine Rhani,yacine.rhani@hotmail.com,45,Marrakech,Homme,2020-11-14,2024-11-06 21:51:17.723085,Maison,téléphone,Echolink 43 Smart TV Frameless FHD-43SK12-1080P - Récepteur Intégré - HDMI
91,Soufiane Moutawakel,soufiane.moutawakel@gmail.com,51,Kénitra,Homme,2020-09-12,2024-02-13 08:28:43.900353,Électronique,téléphone,Ge Souris Wired Gaming RGB - Noir
92,Nadir Najmi,nadir.najmi@yahoo.fr,37,Marrakech,Homme,2022-05-30,2024-01-21 18:40:32.158217,Mode,ordinateur portable,Jacket Homme-Automne noir
93,Latifa Idrissi,latifa.idrissi@gmail.com,38,Khouribga,Femme,2021-11-05,2024-01-25 23:03:33.316381,Sport,ordinateur portable,Adidas Chaussure Court Blanc
94,Noura Taoufik,noura.taoufik@yahoo.fr,47,Khouribga,Femme,2020-06-05,2024-05-28 22:18:15.478715,Maison,téléphone,Elit MARMITE POUR LES PÂTES
95,Yacine El Maghraoui,yacine.el maghraoui@hotmail.com,60,Casablanca,Homme,2024-02-21,2024-05-17 07:19:14.101741,Mode,téléphone,Jacket Homme-Automne noir
96,Rachid Ait El Caïd,rachid.ait el caïd@hotmail.com,33,Taza,Homme,2024-11-11,2024-06-18 08:49:21.555233,Maison,ordinateur portable,"Mellerware Batteur Mixeur Mélangeur MHM-301 5 Vitesses, 2 Fouets Métalliques - 2 ans de garantie"
97,Sara El Maghraoui,sara.el maghraoui@hotmail.com,26,Casablanca,Femme,2023-02-09,2024-07-09 19:28:12.040443,Beauté,téléphone,L'Oréal Paris Offre spéciale Écran Visage UV Defender à l'acide hyaluronique SPF 50+ Moisture Fresh = Trousse Offerte
98,Rachid El Bouziani,rachid.el bouziani@hotmail.com,23,Nador,Homme,2021-12-03,2024-03-10 13:28:50.172466,Électronique,téléphone,Razer Casque Sans Fil Barracuda RZ04-03790100-R3M1
99,Aya Benyahia,aya.benyahia@gmail.com,50,Taza,Femme,2022-04-11,2024-07-24 08:41:05.153227,Beauté,ordinateur portable,Pretty by Flormar Crayon à sourcils Styler 401 Blonde
100,Hamza El Fihri,hamza.el fihri@gmail.com,52,Casablanca,Homme,2024-05-12,2024-09-14 11:25:48.575204,Mode,ordinateur portable,Birkenstock Arizona Big Buckle Nubuck Leather Burnt Orange
101,Latifa Guennoun,latifa.guennoun@hotmail.com,52,Beni Mellal,Femme,2024-07-25,2024-07-10 10:28:49.465159,Beauté,ordinateur portable,Pretty by Flormar Eyeliner styler 109 Teal
102,Adil Sbaai,adil.sbaai@gmail.com,20,Safi,Homme,2021-03-10,2024-10-27 12:27:51.337874,Sport,ordinateur portable,Adidas Chaussure Court Blanc
103,Hajar Tazi,hajar.tazi@yahoo.fr,70,Rabat,Femme,2023-02-20,2024-04-13 18:54:00.971842,Sport,téléphone,Adidas Chaussure Court Blanc
104,Said Bouabid,said.bouabid@hotmail.com,19,Rabat,Homme,2021-07-31,2024-09-13 00:23:31.705813,Électronique,téléphone,Data Frog Console de Jeu Vidéo Portable Rétro Jeux Bâton TV Bâton 4K Lite USB Jeux pour Gameboy Sega PS1 NES GBA SNES
105,Salwa Moussaoui,salwa.moussaoui@hotmail.com,47,Safi,Femme,2023-11-21,2024-10-04 02:34:27.606905,Mode,ordinateur portable,Jacket Homme-Automne noir
106,Meriem Bouanani,meriem.bouanani@yahoo.fr,22,Meknès,Femme,2021-12-21,2024-08-27 14:22:44.969568,Électronique,ordinateur portable,"Console de jeu vidéo sans fil, écran HD 4K 64Gb HDMI avec 10000 jeux + 2 Manettes"
107,Nassim Derkaoui,nassim.derkaoui@gmail.com,57,Safi,Homme,2022-02-20,2024-07-11 20:39:40.435296,Électronique,téléphone,Data Frog 64G 4K HD Console de jeu vidéo 2.4G Double contrôleur sans fil pour PS1/FC/GBA 10000 jeux Stick
108,Ismail Khalfi,ismail.khalfi@hotmail.com,55,Beni Mellal,Homme,2023-12-10,2024-01-12 04:41:37.813883,Électronique,ordinateur portable,Lampe de travail à distance avec musique USB
109,Khadija Mouhtad,khadija.mouhtad@hotmail.com,50,Khouribga,Femme,2022-09-01,2024-05-31 11:36:35.979771,Beauté,ordinateur portable,Garnier Pack SkinActive Vitamine C - Sérum Visage 30ml + Gel Nettoyant 50 ml + Crème de jour éclaircissante + SPF25 à La Vitamine C
110,Younes Derkaoui,younes.derkaoui@gmail.com,70,Nador,Homme,2024-02-25,2024-06-28 17:51:33.160153,Mode,téléphone,Jacket Homme-Automne noir
111,Nawal Toumi,nawal.toumi@hotmail.com,19,Casablanca,Femme,2022-09-12,2024-01-10 11:19:57.845097,Sport,téléphone,Adidas Chaussure Court Blanc
112,Farouk Alami,farouk.alami@hotmail.com,50,Agadir,Homme,2023-05-13,2024-10-08 13:10:42.738166,Mode,ordinateur portable,Jacket Homme-Automne noir
113,Adil Belghazi,adil.belghazi@yahoo.fr,21,Khouribga,Homme,2024-04-13,2024-04-30 09:35:33.578961,Électronique,téléphone,Canon PIXMA G2430 Imprimante multifonction à réservoirs rechargeables (5991C009AA)
114,Anas Mouline,anas.mouline@gmail.com,47,Fès,Homme,2020-07-20,2024-02-03 02:50:57.779143,Maison,téléphone,Echolink 43 Smart TV Frameless FHD-43SK12-1080P - Récepteur Intégré - HDMI
115,Kaoutar Mekouar,kaoutar.mekouar@gmail.com,55,Kénitra,Femme,2023-01-18,2024-03-29 19:26:47.757964,Mode,ordinateur portable,Birkenstock Arizona Big Buckle Nubuck Leather Burnt Orange
116,Souad Benyahia,souad.benyahia@gmail.com,40,Oujda,Femme,2022-08-18,2024-07-01 05:36:36.819776,Maison,téléphone,Echolink 43 Smart TV Frameless FHD-43SK12-1080P - Récepteur Intégré - HDMI
117,Anas Qaraoui,anas.qaraoui@yahoo.fr,24,Safi,Homme,2024-08-15,2024-09-04 01:55:44.411151,Mode,téléphone,Birkenstock Arizona Big Buckle Nubuck Leather Burnt Orange
118,El Mehdi Essakalli,el mehdi.essakalli@gmail.com,57,Taza,Homme,2023-10-13,2024-06-06 04:57:13.177538,Électronique,téléphone,Casque stéréo de jeu HELLCRACK stéréo casque avec micro 3.5mm Plug Bass pour PS4
119,Yacine Bennani,yacine.bennani@yahoo.fr,58,Tétouan,Homme,2024-11-07,2024-02-12 08:12:16.734122,Sport,ordinateur portable,Adidas Chaussure Court Blanc
120,Omar El Hassani,omar.el hassani@gmail.com,46,Taza,Homme,2021-01-30,2024-08-05 00:50:37.510644,Sport,téléphone,Adidas Chaussure Court Blanc
121,Malak El Ghazoui,malak.el ghazoui@yahoo.fr,42,Fès,Femme,2020-06-16,2024-10-14 10:59:22.086914,Sport,téléphone,Adidas Chaussure Court Blanc
122,Meriem Qachchach,meriem.qachchach@gmail.com,60,Kénitra,Femme,2021-10-10,2024-02-14 08:07:30.427780,Électronique,téléphone,"Console de jeu vidéo sans fil, écran HD 4K 64Gb HDMI avec 20000 jeux + 2 Manettes"
123,Marwa Aït Said,marwa.aït said@gmail.com,51,Kénitra,Femme,2022-05-28,2024-09-19 02:22:48.366323,Sport,téléphone,Adidas Chaussure Court Blanc
124,Hassan Mouline,hassan.mouline@yahoo.fr,62,Kénitra,Homme,2022-05-27,2024-06-18 12:02:57.743617,Maison,ordinateur portable,Echolink 43 Smart TV Frameless FHD-43SK12-1080P - Récepteur Intégré - HDMI
125,Kaoutar Daki,kaoutar.daki@hotmail.com,68,Khouribga,Femme,2022-04-05,2024-07-21 20:35:52.288009,Mode,ordinateur portable,Jacket Homme-Automne noir
126,Ilyas Khalfi,ilyas.khalfi@hotmail.com,65,Rabat,Homme,2020-02-17,2024-09-26 01:28:43.770532,Mode,téléphone,Jacket Homme-Automne noir
127,Laila Najmi,laila.najmi@yahoo.fr,65,Tétouan,Femme,2021-09-24,2024-07-26 12:00:48.110606,Mode,téléphone,Birkenstock Arizona Big Buckle Nubuck Leather Burnt Orange
128,El Mehdi El Khattabi,el mehdi.el khattabi@gmail.com,42,Meknès,Homme,2020-06-10,2024-05-03 18:55:00.162894,Sport,téléphone,Adidas Chaussure Court Blanc
129,Youssef El Harti,youssef.el harti@hotmail.com,68,Rabat,Homme,2023-06-30,2024-01-06 00:13:05.214036,Électronique,téléphone,SOURIS GAMER USB DML MOD DL-GM1003
130,Asmae Amrani,asmae.amrani@hotmail.com,30,Beni Mellal,Femme,2024-06-20,2024-04-27 03:09:28.448691,Beauté,téléphone,Garnier Pack SkinActive Vitamine C - Sérum Visage 30ml + Gel Nettoyant 50 ml + Crème de jour éclaircissante + SPF25 à La Vitamine C
131,Imran El Hassani,imran.el hassani@gmail.com,18,Fès,Homme,2023-08-06,2024-03-11 09:27:08.734969,Sport,ordinateur portable,Adidas Chaussure Court Blanc
132,Adil Fassi Fihri,adil.fassi fihri@hotmail.com,66,Tanger,Homme,2021-02-17,2024-05-22 18:04:49.469560,Sport,ordinateur portable,Adidas Chaussure Court Blanc
133,El Mehdi Maaroufi,el mehdi.maaroufi@gmail.com,58,Tanger,Homme,2022-07-21,2024-04-28 18:47:37.302059,Électronique,ordinateur portable,"Data Frog Console de jeu vidéo avec manette sans fil, TV Game Stick, 2023 jeux intégrés"
134,Nassim Chaoui,nassim.chaoui@gmail.com,44,Safi,Homme,2023-08-17,2024-06-16 11:43:24.475734,Électronique,téléphone,"Console de jeu vidéo sans fil, écran HD 4K 64Gb HDMI avec 20000 jeux + 2 Manettes"
135,Fouad Amine,fouad.amine@hotmail.com,43,Oujda,Homme,2021-05-27,2024-03-29 05:30:51.017282,Maison,ordinateur portable,Echolink 43 Smart TV Frameless FHD-43SK12-1080P - Récepteur Intégré - HDMI
136,Ilyas Abbadi,ilyas.abbadi@yahoo.fr,53,Taza,Homme,2024-02-18,2024-07-26 14:32:27.803230,Électronique,ordinateur portable,Sony Casque-micro sans fil PS5 Pulse 3D Noir
137,Omar Qaraoui,omar.qaraoui@gmail.com,49,Agadir,Homme,2024-06-02,2024-05-08 15:43:08.861264,Électronique,téléphone,"Casque Gamer PC LED avec Micro HD : Super Bass, Son Surround 7.1"
138,Ilyas Ghazi,ilyas.ghazi@gmail.com,38,Rabat,Homme,2023-10-24,2024-05-19 17:02:55.865695,Maison,téléphone,Tableau moderne fleur jaune et doré 1 Pièce
139,Meriem Benyahia,meriem.benyahia@gmail.com,39,Tétouan,Femme,2021-08-16,2024-03-27 23:13:36.365294,Maison,ordinateur portable,Elit MARMITE POUR LES PÂTES
140,Marwa Ghazi,marwa.ghazi@yahoo.fr,39,Tétouan,Femme,2020-03-04,2024-09-05 04:19:28.186252,Mode,téléphone,Jacket Homme-Automne noir
141,Hamza Toumi,hamza.toumi@gmail.com,59,Tanger,Homme,2020-03-22,2024-05-28 02:38:23.107418,Sport,ordinateur portable,Adidas Chaussure Court Blanc
142,Reda Mekouar,reda.mekouar@yahoo.fr,50,Tétouan,Homme,2024-03-05,2024-10-16 14:43:59.113020,Sport,téléphone,Adidas Chaussure Court Blanc
143,Jawad El Othmani,jawad.el othmani@yahoo.fr,64,Beni Mellal,Homme,2024-10-17,2024-09-10 16:02:42.119402,Maison,ordinateur portable,Elit MARMITE POUR LES PÂTES
144,Noura Amzil,noura.amzil@yahoo.fr,35,Tétouan,Femme,2022-08-14,2024-01-20 02:41:00.099590,Sport,téléphone,Adidas Chaussure Court Blanc
145,Ismail Chaoui,ismail.chaoui@hotmail.com,69,Taza,Homme,2021-09-29,2024-02-04 01:02:22.860135,Sport,téléphone,Adidas Chaussure Court Blanc
146,Rajae Tazi,rajae.tazi@hotmail.com,45,Oujda,Femme,2022-07-01,2024-07-15 08:49:58.744906,Maison,téléphone,"Mellerware Batteur Mixeur Mélangeur MHM-301 5 Vitesses, 2 Fouets Métalliques - 2 ans de garantie"
147,Adil Berrada,adil.berrada@yahoo.fr,31,Agadir,Homme,2022-12-29,2024-02-25 04:22:47.040001,Mode,téléphone,Jacket Homme-Automne noir
148,Meriem Amrani,meriem.amrani@gmail.com,33,Marrakech,Femme,2020-03-06,2024-05-08 12:14:11.115294,Sport,ordinateur portable,Adidas Chaussure Court Blanc
149,Souhail El Ghazoui,souhail.el ghazoui@yahoo.fr,54,Nador,Homme,2022-08-15,2024-06-28 15:39:33.852470,Sport,ordinateur portable,Adidas Chaussure Court Blanc
150,Amina El Idrissi,amina.el idrissi@hotmail.com,38,Kénitra,Femme,2022-05-15,2024-10-08 19:43:51.798647,Maison,ordinateur portable,Echolink 43 Smart TV Frameless FHD-43SK12-1080P - Récepteur Intégré - HDMI
151,Rachid Bouhaddou,rachid.bouhaddou@hotmail.com,53,Marrakech,Homme,2024-05-26,2024-09-12 18:10:20.284231,Électronique,téléphone,"Data Frog Console de jeu vidéo rétro M15, 2.4 Go, 64 Go, manettes sans fil pour touristes, sortie HD"
152,Nadir El Kabbaj,nadir.el kabbaj@hotmail.com,29,El Jadida,Homme,2022-11-16,2024-06-01 15:39:24.791034,Électronique,téléphone,"Console de jeu vidéo sans fil, écran HD 4K 64Gb HDMI avec 20000 jeux + 2 Manettes"
153,Salwa Guennoun,salwa.guennoun@yahoo.fr,55,Rabat,Femme,2020-11-29,2024-05-13 21:11:50.102635,Maison,ordinateur portable,Tableau moderne fleur jaune et doré 1 Pièce
154,Fatima El Asri,fatima.el asri@hotmail.com,36,Kénitra,Femme,2024-10-02,2024-04-02 08:15:59.208116,Électronique,ordinateur portable,Écouteurs Bluetooth 5.3 sans Fil avec Microphone EarBuds Indicateur de batterie LED
155,Najib Ben El Mahjoub,najib.ben el mahjoub@yahoo.fr,62,Taza,Homme,2022-02-19,2024-10-04 06:14:29.923336,Sport,téléphone,Adidas Chaussure Court Blanc
156,Salma Kabbaj,salma.kabbaj@gmail.com,55,Tanger,Femme,2023-01-18,2024-10-19 20:07:04.542147,Beauté,téléphone,L'Oréal Paris Offre spéciale Écran Visage UV Defender à l'acide hyaluronique SPF 50+ Moisture Fresh = Trousse Offerte
157,Samira Bouabid,samira.bouabid@gmail.com,41,Safi,Femme,2022-08-31,2024-10-05 05:51:37.538874,Mode,téléphone,Jacket Homme-Automne noir
158,Yacine Laalami,yacine.laalami@yahoo.fr,64,Safi,Homme,2020-09-19,2024-09-01 14:28:18.988215,Mode,ordinateur portable,Birkenstock Arizona Big Buckle Nubuck Leather Burnt Orange
159,Othman Kabbaj,othman.kabbaj@hotmail.com,40,Oujda,Homme,2021-04-25,2024-10-02 23:05:04.206671,Mode,téléphone,Jacket Homme-Automne noir
160,Farah Laalami,farah.laalami@gmail.com,55,Marrakech,Femme,2024-01-29,2024-07-04 16:17:09.013617,Beauté,téléphone,Labello Pack de 2 Baumes à Lèvres - Blackberry Shine - 4.8g
161,Loubna Lemrabet,loubna.lemrabet@yahoo.fr,37,Marrakech,Femme,2023-10-24,2024-05-14 01:05:37.173151,Beauté,ordinateur portable,Pretty by Flormar Eyeliner styler 109 Teal
162,Latifa El Fihri,latifa.el fihri@gmail.com,39,Marrakech,Femme,2022-04-30,2024-01-17 01:20:56.516093,Maison,ordinateur portable,Echolink 43 Smart TV Frameless FHD-43SK12-1080P - Récepteur Intégré - HDMI
163,Asmae Tazi,asmae.tazi@yahoo.fr,31,Agadir,Femme,2022-01-18,2024-04-30 22:25:29.222542,Beauté,téléphone,"Now Foods GTF Chrome (Chromium), 200 mcg, 250 comprimés"
164,Rajae Benyahia,rajae.benyahia@hotmail.com,49,Marrakech,Femme,2023-10-15,2024-03-10 08:38:38.020683,Beauté,téléphone,Pretty by Flormar Eyeliner styler 109 Teal
165,Mustapha Chaoui,mustapha.chaoui@gmail.com,22,Meknès,Homme,2022-08-01,2024-07-05 18:47:20.462550,Sport,ordinateur portable,Adidas Chaussure Court Blanc
166,Amina Tabit,amina.tabit@gmail.com,41,Safi,Femme,2023-07-07,2024-03-24 19:09:00.527069,Sport,ordinateur portable,Adidas Chaussure Court Blanc
167,Adil Fares,adil.fares@gmail.com,45,Kénitra,Homme,2021-03-24,2024-07-23 23:43:30.269117,Mode,téléphone,Jacket Homme-Automne noir
168,Tarek El Fihri,tarek.el fihri@hotmail.com,41,Marrakech,Homme,2023-12-20,2024-02-08 12:18:01.520120,Maison,ordinateur portable,Tableau moderne fleur jaune et doré 1 Pièce
169,Sara Bouazzaoui,sara.bouazzaoui@yahoo.fr,40,Beni Mellal,Femme,2023-06-19,2024-09-14 13:13:23.610950,Mode,téléphone,Birkenstock Arizona Big Buckle Nubuck Leather Burnt Orange
170,Ilham Tabit,ilham.tabit@gmail.com,34,Safi,Femme,2022-02-14,2024-03-01 02:55:27.447753,Sport,téléphone,Adidas Chaussure Court Blanc
171,Idriss Najmi,idriss.najmi@gmail.com,68,Khouribga,Homme,2021-11-24,2024-08-14 06:57:42.890757,Maison,téléphone,"Mellerware Batteur Mixeur Mélangeur MHM-301 5 Vitesses, 2 Fouets Métalliques - 2 ans de garantie"
172,El Mehdi El Haddadi,el mehdi.el haddadi@gmail.com,37,Beni Mellal,Homme,2021-05-24,2024-08-18 15:46:20.688124,Mode,ordinateur portable,Birkenstock Arizona Big Buckle Nubuck Leather Burnt Orange
173,Mounir Bennani,mounir.bennani@yahoo.fr,18,Tanger,Homme,2022-10-31,2024-03-03 04:17:30.767303,Électronique,ordinateur portable,Logitech K400 Plus Clavier sans Fil Touch TV avec Contrôle Média et Pavé Tactile - Noir
174,Malak El Asri,malak.el asri@gmail.com,33,Taza,Femme,2023-11-04,2024-10-03 10:16:38.086712,Beauté,ordinateur portable,Pretty by Flormar Eyeliner styler 109 Teal
175,Farouk El Hassani,farouk.el hassani@gmail.com,61,Agadir,Homme,2021-03-24,2024-08-28 22:27:37.456239,Électronique,téléphone,Casque Gamer élaboré pour Le Confort 7.1 Son Effet 6D Stereo Noise-reduction
176,Kaoutar Chahboun,kaoutar.chahboun@gmail.com,33,Agadir,Femme,2021-03-22,2024-04-01 01:24:06.722960,Maison,téléphone,Elit MARMITE POUR LES PÂTES
177,Mouna Chahboun,mouna.chahboun@gmail.com,67,El Jadida,Femme,2023-08-10,2024-03-08 23:50:26.801337,Beauté,ordinateur portable,Pretty by Flormar Crayon à sourcils Styler 401 Blonde
178,Chaymae Amine,chaymae.amine@gmail.com,29,Fès,Femme,2020-09-14,2024-04-05 21:12:18.757145,Électronique,téléphone,Razer Casque Sans Fil Barracuda RZ04-03790100-R3M1
179,Tarek Belghazi,tarek.belghazi@gmail.com,38,Rabat,Homme,2023-04-17,2024-05-27 09:04:16.066807,Sport,ordinateur portable,Adidas Chaussure Court Blanc
180,Meriem Lahlou,meriem.lahlou@yahoo.fr,31,Nador,Femme,2020-07-08,2024-04-08 06:22:54.620984,Beauté,téléphone,L'Oréal Paris Offre spéciale Écran Visage UV Defender à l'acide hyaluronique SPF 50+ Moisture Fresh = Trousse Offerte
181,Mounia Najmi,mounia.najmi@hotmail.com,26,Agadir,Femme,2021-11-01,2024-03-01 00:03:06.484135,Sport,ordinateur portable,Adidas Chaussure Court Blanc
182,Reda Taoufik,reda.taoufik@hotmail.com,53,Taza,Homme,2024-09-29,2024-01-20 23:49:17.788445,Maison,téléphone,Tableau moderne fleur jaune et doré 1 Pièce
183,Mounir Ghazi,mounir.ghazi@gmail.com,53,Agadir,Homme,2020-09-08,2024-07-11 16:02:31.676303,Mode,téléphone,Jacket Homme-Automne noir
184,Ilham Chahboun,ilham.chahboun@gmail.com,67,El Jadida,Femme,2022-05-15,2024-03-06 07:12:36.892923,Mode,téléphone,Birkenstock Arizona Big Buckle Nubuck Leather Burnt Orange
185,Aya Bouazzaoui,aya.bouazzaoui@gmail.com,69,Beni Mellal,Femme,2022-09-30,2024-05-16 22:53:57.240673,Sport,ordinateur portable,Adidas Chaussure Court Blanc
186,Walid El Fihri,walid.el fihri@gmail.com,49,Tanger,Homme,2020-10-30,2024-05-19 20:01:34.393456,Sport,téléphone,Adidas Chaussure Court Blanc
187,Samir El Fihri,samir.el fihri@gmail.com,68,Nador,Homme,2020-04-24,2024-07-27 03:02:56.429838,Sport,ordinateur portable,Adidas Chaussure Court Blanc
188,Salwa Amine,salwa.amine@yahoo.fr,53,Tétouan,Femme,2020-06-17,2024-05-19 13:35:06.729728,Maison,téléphone,Echolink 43 Smart TV Frameless FHD-43SK12-1080P - Récepteur Intégré - HDMI
189,Salwa El Kabbaj,salwa.el kabbaj@gmail.com,66,Tétouan,Femme,2024-01-19,2024-06-17 13:38:08.645374,Sport,ordinateur portable,Adidas Chaussure Court Blanc
190,Rajae El Hassani,rajae.el hassani@yahoo.fr,58,Khouribga,Femme,2020-04-02,2024-08-31 15:47:14.195926,Sport,téléphone,Adidas Chaussure Court Blanc
191,Rajae Fassi Fihri,rajae.fassi fihri@hotmail.com,25,Kénitra,Femme,2020-03-02,2024-01-03 14:59:31.852664,Sport,téléphone,Adidas Chaussure Court Blanc
192,Rajae Moutawakel,rajae.moutawakel@yahoo.fr,64,El Jadida,Femme,2024-01-12,2024-10-29 01:06:27.140934,Beauté,ordinateur portable,Pretty by Flormar Eyeliner styler 109 Teal
193,Reda Aït Said,reda.aït said@yahoo.fr,48,Fès,Homme,2023-07-31,2024-08-03 17:53:36.076608,Maison,téléphone,"Mellerware Batteur Mixeur Mélangeur MHM-301 5 Vitesses, 2 Fouets Métalliques - 2 ans de garantie"
194,Fouad Bouhaddou,fouad.bouhaddou@gmail.com,61,Oujda,Homme,2022-06-25,2024-01-07 15:45:03.571741,Mode,téléphone,Birkenstock Arizona Big Buckle Nubuck Leather Burnt Orange
195,Nassim Lemrabet,nassim.lemrabet@hotmail.com,47,El Jadida,Homme,2024-08-13,2024-04-29 04:26:57.235846,Sport,téléphone,Adidas Chaussure Court Blanc
196,Najib Sefiani,najib.sefiani@hotmail.com,51,Meknès,Homme,2020-05-24,2024-04-03 19:14:39.503149,Électronique,ordinateur portable,"Data Frog Console de jeu vidéo avec manette sans fil, TV Game Stick, 2023 jeux intégrés"
197,Nadir El Haddadi,nadir.el haddadi@yahoo.fr,42,Casablanca,Homme,2023-02-26,2024-09-06 19:14:04.380455,Électronique,ordinateur portable,Razer Casque Sans Fil Barracuda RZ04-03790100-R3M1
198,Ilham El Kaidi,ilham.el kaidi@gmail.com,65,Tanger,Femme,2020-08-26,2024-03-16 16:57:37.976993,Mode,ordinateur portable,Birkenstock Arizona Big Buckle Nubuck Leather Burnt Orange
199,Rania Qoubaa,rania.qoubaa@yahoo.fr,29,El Jadida,Femme,2023-11-08,2024-08-04 00:36:34.311101,Mode,ordinateur portable,Jacket Homme-Automne noir
200,Hanane Chahboun,hanane.chahboun@hotmail.com,38,Safi,Femme,2021-06-18,2024-02-21 13:06:20.299242,Mode,ordinateur portable,Jacket Homme-Automne noir
201,Omar Qoubaa,omar.qoubaa@gmail.com,56,Oujda,Homme,2022-02-27,2024-05-25 01:27:20.460526,Électronique,ordinateur portable,"Console de jeu vidéo sans fil, écran HD 4K 64Gb HDMI avec 10000 jeux + 2 Manettes"
202,Samira Chaoui,samira.chaoui@yahoo.fr,52,Meknès,Femme,2020-10-02,2024-04-21 03:28:05.633172,Mode,ordinateur portable,Jacket Homme-Automne noir
203,Noura Mekouar,noura.mekouar@hotmail.com,63,Khouribga,Femme,2023-03-07,2024-07-03 14:02:48.644603,Sport,téléphone,Adidas Chaussure Court Blanc
204,Loubna Khalfi,loubna.khalfi@gmail.com,69,Safi,Femme,2022-12-16,2024-06-15 19:51:03.618654,Sport,ordinateur portable,Adidas Chaussure Court Blanc
205,Hicham El Khattabi,hicham.el khattabi@hotmail.com,46,Casablanca,Homme,2022-12-28,2024-04-20 13:29:28.873782,Sport,ordinateur portable,Adidas Chaussure Court Blanc
206,Yassine Mekouar,yassine.mekouar@hotmail.com,45,Casablanca,Homme,2023-05-06,2024-08-29 22:31:18.431530,Mode,téléphone,Jacket Homme-Automne noir
207,Badr Toumi,badr.toumi@gmail.com,25,Marrakech,Homme,2022-10-27,2024-04-04 23:09:36.964109,Sport,téléphone,Adidas Chaussure Court Blanc
208,Ayoub El Haddadi,ayoub.el haddadi@hotmail.com,59,Marrakech,Homme,2024-01-04,2024-01-27 11:02:01.874202,Maison,ordinateur portable,"Mellerware Batteur Mixeur Mélangeur MHM-301 5 Vitesses, 2 Fouets Métalliques - 2 ans de garantie"
209,Yasmine Tabit,yasmine.tabit@hotmail.com,29,Beni Mellal,Femme,2021-06-05,2024-09-29 06:32:19.959422,Maison,ordinateur portable,Tableau moderne fleur jaune et doré 1 Pièce
210,Hanane Boughaleb,hanane.boughaleb@hotmail.com,28,Marrakech,Femme,2021-10-21,2024-07-22 03:46:06.934552,Maison,téléphone,Elit MARMITE POUR LES PÂTES
211,Marwa El Baz,marwa.el baz@gmail.com,19,Beni Mellal,Femme,2024-11-04,2024-07-15 12:02:31.316468,Mode,ordinateur portable,Birkenstock Arizona Big Buckle Nubuck Leather Burnt Orange
212,Houda Bennani,houda.bennani@hotmail.com,43,Rabat,Femme,2023-12-03,2024-08-17 03:39:43.059872,Sport,téléphone,Adidas Chaussure Court Blanc
213,Salma Fares,salma.fares@gmail.com,34,Tanger,Femme,2021-07-13,2024-02-13 06:14:05.117939,Sport,ordinateur portable,Adidas Chaussure Court Blanc
214,Aicha Amrani,aicha.amrani@gmail.com,37,El Jadida,Femme,2021-04-29,2024-10-08 00:06:40.586718,Maison,téléphone,Echolink 43 Smart TV Frameless FHD-43SK12-1080P - Récepteur Intégré - HDMI
215,Laila Chaoui,laila.chaoui@yahoo.fr,21,Kénitra,Femme,2022-01-19,2024-08-08 21:10:30.915902,Beauté,ordinateur portable,Labello Pack de 2 Baumes à Lèvres - Blackberry Shine - 4.8g
216,Ayman Tijani,ayman.tijani@yahoo.fr,60,Nador,Homme,2024-01-11,2024-02-08 07:15:24.229123,Maison,ordinateur portable,"Mellerware Batteur Mixeur Mélangeur MHM-301 5 Vitesses, 2 Fouets Métalliques - 2 ans de garantie"
217,Rim Toumi,rim.toumi@hotmail.com,29,Kénitra,Femme,2021-05-17,2024-06-04 16:42:25.612578,Mode,téléphone,Jacket Homme-Automne noir
218,Rim Mouline,rim.mouline@yahoo.fr,36,Rabat,Femme,2022-08-17,2024-05-09 22:24:35.334049,Mode,téléphone,Jacket Homme-Automne noir
219,Zakaria Chami,zakaria.chami@yahoo.fr,35,Fès,Homme,2023-11-14,2024-01-14 12:02:24.044039,Sport,téléphone,Adidas Chaussure Court Blanc
220,Anas Mouline,anas.mouline@gmail.com,45,Tétouan,Homme,2021-11-01,2024-05-02 13:28:36.363036,Sport,téléphone,Adidas Chaussure Court Blanc
221,Mounia Bennani,mounia.bennani@hotmail.com,53,Taza,Femme,2020-11-12,2024-03-22 08:20:15.637232,Sport,téléphone,Adidas Chaussure Court Blanc
222,Marwa Ait Ben Hadi,marwa.ait ben hadi@yahoo.fr,18,Nador,Femme,2024-06-15,2024-06-25 21:51:34.993807,Électronique,téléphone,Casque Bluetooth 5.0 Pour Chat Music Headset Cat Ear Headphones Wireless
223,Nawal Qoubaa,nawal.qoubaa@hotmail.com,36,Nador,Femme,2022-01-09,2024-07-15 15:02:37.239157,Maison,ordinateur portable,Tableau moderne fleur jaune et doré 1 Pièce
224,Samira El Asri,samira.el asri@hotmail.com,31,Nador,Femme,2022-11-19,2024-09-13 23:49:33.228743,Électronique,ordinateur portable,SOURIS GAMER USB DML MOD DL-GM1003
225,Hafsa Aït Said,hafsa.aït said@gmail.com,67,Fès,Femme,2024-05-03,2024-02-09 02:22:23.191728,Sport,ordinateur portable,Adidas Chaussure Court Blanc
226,Mouna Bouanani,mouna.bouanani@hotmail.com,64,Rabat,Femme,2023-05-22,2024-03-23 17:06:53.104882,Électronique,téléphone,SOURIS GAMER USB DML MOD DL-GM1003
227,Hafida Mouhtad,hafida.mouhtad@hotmail.com,50,Tanger,Femme,2022-01-04,2024-10-06 08:29:13.154283,Maison,ordinateur portable,Elit MARMITE POUR LES PÂTES
228,Nadir Qachchach,nadir.qachchach@gmail.com,59,Meknès,Homme,2024-03-15,2024-09-12 16:33:56.618941,Sport,téléphone,Adidas Chaussure Court Blanc
229,Yacine Derkaoui,yacine.derkaoui@gmail.com,32,Taza,Homme,2021-01-18,2024-09-27 03:40:23.614098,Maison,téléphone,Elit MARMITE POUR LES PÂTES
230,Mustapha El Mansouri,mustapha.el mansouri@hotmail.com,49,Nador,Homme,2020-08-30,2024-11-11 21:41:17.031596,Maison,téléphone,Echolink 43 Smart TV Frameless FHD-43SK12-1080P - Récepteur Intégré - HDMI
231,Yasmine Aït Said,yasmine.aït said@gmail.com,20,Tétouan,Femme,2021-10-21,2024-04-04 20:12:34.028400,Sport,téléphone,Adidas Chaussure Court Blanc
232,Khouloud El Hassani,khouloud.el hassani@hotmail.com,46,Tétouan,Femme,2021-09-14,2024-10-07 09:26:28.170005,Mode,téléphone,Birkenstock Arizona Big Buckle Nubuck Leather Burnt Orange
233,Ilham Essoufi,ilham.essoufi@yahoo.fr,64,Casablanca,Femme,2023-01-12,2024-03-05 00:02:44.838040,Électronique,téléphone,SOURIS GAMER USB DML MOD DL-GM1003
234,Fatima Chaoui,fatima.chaoui@hotmail.com,29,Fès,Femme,2021-07-24,2024-07-23 23:37:09.192262,Électronique,téléphone,Razer Casque Sans Fil Barracuda RZ04-03790100-R3M1
235,Othman Lemrabet,othman.lemrabet@gmail.com,52,Nador,Homme,2024-02-09,2024-10-12 07:57:45.964148,Maison,téléphone,Echolink 43 Smart TV Frameless FHD-43SK12-1080P - Récepteur Intégré - HDMI
236,Said Bouabid,said.bouabid@yahoo.fr,43,Beni Mellal,Homme,2023-02-28,2024-03-18 09:30:21.217499,Sport,ordinateur portable,Adidas Chaussure Court Blanc
237,Amine Chaoui,amine.chaoui@gmail.com,63,Taza,Homme,2024-08-28,2024-07-28 13:35:10.445982,Mode,ordinateur portable,Jacket Homme-Automne noir
238,Sara Derkaoui,sara.derkaoui@yahoo.fr,20,El Jadida,Femme,2021-06-20,2024-05-08 10:50:15.018158,Mode,ordinateur portable,Birkenstock Arizona Big Buckle Nubuck Leather Burnt Orange
239,Hassan Fares,hassan.fares@yahoo.fr,61,Fès,Homme,2022-07-21,2024-03-22 07:31:09.636597,Mode,téléphone,Birkenstock Arizona Big Buckle Nubuck Leather Burnt Orange
240,Samir El Kabbaj,samir.el kabbaj@yahoo.fr,36,Safi,Homme,2020-10-17,2024-09-18 18:53:24.294420,Maison,ordinateur portable,"Mellerware Batteur Mixeur Mélangeur MHM-301 5 Vitesses, 2 Fouets Métalliques - 2 ans de garantie"
241,Chaymae El Othmani,chaymae.el othmani@hotmail.com,66,Marrakech,Femme,2024-10-19,2024-10-12 00:34:47.459403,Beauté,ordinateur portable,Garnier Pack SkinActive Vitamine C - Sérum Visage 30ml + Gel Nettoyant 50 ml + Crème de jour éclaircissante + SPF25 à La Vitamine C
242,Noura Mimouni,noura.mimouni@hotmail.com,30,Kénitra,Femme,2024-09-04,2024-10-08 18:24:56.053344,Électronique,téléphone,Xtrike Clavier Gamer lumineux multicolore KB-302 avec rétro-éclairage RGB
243,Soukaina El Haddadi,soukaina.el haddadi@yahoo.fr,40,Oujda,Femme,2022-01-16,2024-08-02 18:54:46.998147,Maison,téléphone,Tableau moderne fleur jaune et doré 1 Pièce
244,Aya Fassi Fihri,aya.fassi fihri@yahoo.fr,43,Rabat,Femme,2020-03-20,2024-01-01 03:26:46.565244,Beauté,ordinateur portable,"Now Foods GTF Chrome (Chromium), 200 mcg, 250 comprimés"
245,Hafsa Bouabid,hafsa.bouabid@gmail.com,56,Safi,Femme,2020-02-19,2024-10-06 19:14:41.316313,Sport,ordinateur portable,Adidas Chaussure Court Blanc
246,Mahdi Ouaziz,mahdi.ouaziz@yahoo.fr,28,Khouribga,Homme,2020-03-28,2024-02-24 22:22:45.910656,Électronique,ordinateur portable,"Console de jeu vidéo sans fil, écran HD 4K 64Gb HDMI avec 20000 jeux + 2 Manettes"
247,Yasmine Boughaleb,yasmine.boughaleb@hotmail.com,44,Taza,Femme,2021-01-22,2024-01-06 04:15:06.168103,Beauté,téléphone,Labello Pack de 2 Baumes à Lèvres - Blackberry Shine - 4.8g
248,Leila Chaoui,leila.chaoui@hotmail.com,47,Rabat,Femme,2020-10-13,2024-04-14 09:29:13.464449,Électronique,ordinateur portable,Manette Ninja Wireless Gaming Controller 4010 Touchpad pour PS4/PS3/PC/Android/iOS
249,Fouad Khalfi,fouad.khalfi@gmail.com,30,Fès,Homme,2020-07-12,2024-02-13 07:08:42.886905,Sport,ordinateur portable,Adidas Chaussure Court Blanc
250,Amine El Hiba,amine.el hiba@gmail.com,64,Marrakech,Homme,2023-05-13,2024-05-12 19:26:08.917598,Mode,téléphone,Birkenstock Arizona Big Buckle Nubuck Leather Burnt Orange
251,Nassim Abbadi,nassim.abbadi@gmail.com,64,El Jadida,Homme,2020-09-22,2024-02-25 07:02:08.586381,Maison,téléphone,Echolink 43 Smart TV Frameless FHD-43SK12-1080P - Récepteur Intégré - HDMI
252,Manal Abbadi,manal.abbadi@yahoo.fr,26,Fès,Femme,2024-09-01,2024-04-09 01:13:44.203411,Beauté,téléphone,L'Oréal Paris Offre spéciale Écran Visage UV Defender à l'acide hyaluronique SPF 50+ Moisture Fresh = Trousse Offerte
253,Ikram El Hassani,ikram.el hassani@yahoo.fr,33,Safi,Femme,2020-06-15,2024-03-19 04:23:46.944762,Électronique,téléphone,"Casque Gamer PC LED avec Micro HD : Super Bass, Son Surround 7.1"
254,Fouad Chahboun,fouad.chahboun@yahoo.fr,70,Oujda,Homme,2023-08-10,2024-10-26 02:13:08.528902,Mode,ordinateur portable,Birkenstock Arizona Big Buckle Nubuck Leather Burnt Orange
255,Rajae El Baz,rajae.el baz@yahoo.fr,33,Safi,Femme,2020-05-20,2024-06-19 01:01:36.242296,Électronique,ordinateur portable,Data Frog Console de Jeu Vidéo Portable Rétro Jeux Bâton TV Bâton 4K Lite USB Jeux pour Gameboy Sega PS1 NES GBA SNES
256,Adil Mouline,adil.mouline@gmail.com,62,Tétouan,Homme,2022-12-31,2024-06-03 16:11:19.448738,Sport,ordinateur portable,Adidas Chaussure Court Blanc
257,Souhail El Haddadi,souhail.el haddadi@hotmail.com,35,Safi,Homme,2022-02-02,2024-10-07 06:36:51.137358,Électronique,téléphone,Razer Casque Sans Fil Barracuda
258,Nada Mouhtad,nada.mouhtad@yahoo.fr,52,Taza,Femme,2021-07-15,2024-11-08 06:03:28.006800,Beauté,téléphone,L'Oréal Paris Offre spéciale Écran Visage UV Defender à l'acide hyaluronique SPF 50+ Moisture Fresh = Trousse Offerte
259,Farah Kabbaj,farah.kabbaj@hotmail.com,68,Khouribga,Femme,2020-07-11,2024-03-17 21:54:19.603712,Mode,téléphone,Birkenstock Arizona Big Buckle Nubuck Leather Burnt Orange
260,Yacine El Maghraoui,yacine.el maghraoui@yahoo.fr,33,Casablanca,Homme,2023-06-21,2024-06-29 22:26:32.860065,Électronique,ordinateur portable,Casque Bluetooth 5.0 Pour Chat Music Headset Cat Ear Headphones Wireless
261,Leila Qoubaa,leila.qoubaa@gmail.com,50,Nador,Femme,2021-03-28,2024-10-09 02:53:30.765725,Mode,ordinateur portable,Birkenstock Arizona Big Buckle Nubuck Leather Burnt Orange
262,Hassan Toumi,hassan.toumi@yahoo.fr,25,Nador,Homme,2024-09-13,2024-10-11 14:41:42.823170,Sport,ordinateur portable,Adidas Chaussure Court Blanc
263,Adil Chaoui,adil.chaoui@gmail.com,58,Fès,Homme,2022-04-23,2024-09-30 03:17:36.810322,Maison,ordinateur portable,"Mellerware Batteur Mixeur Mélangeur MHM-301 5 Vitesses, 2 Fouets Métalliques - 2 ans de garantie"
264,Imran Amrani,imran.amrani@yahoo.fr,47,Oujda,Homme,2023-04-26,2024-01-05 18:15:48.113517,Maison,téléphone,"Mellerware Batteur Mixeur Mélangeur MHM-301 5 Vitesses, 2 Fouets Métalliques - 2 ans de garantie"
265,Ilyas Mimouni,ilyas.mimouni@hotmail.com,63,Beni Mellal,Homme,2020-06-13,2024-05-11 17:28:13.605696,Électronique,ordinateur portable,Data Frog M15 Game Console HDMI 4K Game Stick with 2000 Games . GAMEPAD
266,Yassine Daki,yassine.daki@gmail.com,45,Kénitra,Homme,2024-09-03,2024-09-21 21:46:20.134271,Sport,ordinateur portable,Adidas Chaussure Court Blanc
267,Samir Boughaleb,samir.boughaleb@yahoo.fr,27,Oujda,Homme,2024-08-08,2024-07-30 15:48:52.694503,Sport,téléphone,Adidas Chaussure Court Blanc
268,Rim Mimouni,rim.mimouni@yahoo.fr,46,El Jadida,Femme,2020-06-17,2024-07-05 12:31:45.774889,Sport,téléphone,Adidas Chaussure Court Blanc
269,Laila Tazi,laila.tazi@gmail.com,42,Nador,Femme,2024-09-26,2024-03-18 00:18:48.603672,Beauté,téléphone,Labello Pack de 2 Baumes à Lèvres - Blackberry Shine - 4.8g
270,El Mehdi Toumi,el mehdi.toumi@yahoo.fr,51,Taza,Homme,2022-03-10,2024-03-18 08:31:52.191135,Sport,téléphone,Adidas Chaussure Court Blanc
271,Houda Bouhaddou,houda.bouhaddou@hotmail.com,40,Nador,Femme,2023-11-07,2024-05-02 00:48:54.126678,Sport,téléphone,Adidas Chaussure Court Blanc
272,Othman Essoufi,othman.essoufi@yahoo.fr,19,Oujda,Homme,2022-01-28,2024-09-04 22:16:00.653154,Sport,téléphone,Adidas Chaussure Court Blanc
273,Farah Qaraoui,farah.qaraoui@hotmail.com,64,Oujda,Femme,2023-04-12,2024-01-27 18:44:13.472739,Mode,téléphone,Birkenstock Arizona Big Buckle Nubuck Leather Burnt Orange
274,Mounir Ait El Caïd,mounir.ait el caïd@hotmail.com,33,Kénitra,Homme,2024-02-07,2024-10-19 13:30:42.846955,Mode,téléphone,Birkenstock Arizona Big Buckle Nubuck Leather Burnt Orange
275,Samira Derkaoui,samira.derkaoui@gmail.com,54,Khouribga,Femme,2021-01-30,2024-10-15 04:19:17.677104,Mode,téléphone,Birkenstock Arizona Big Buckle Nubuck Leather Burnt Orange
276,Meriem Aït Said,meriem.aït said@gmail.com,67,Marrakech,Femme,2021-03-13,2024-05-06 01:04:12.683418,Maison,ordinateur portable,Tableau moderne fleur jaune et doré 1 Pièce
277,Hafida Lemrabet,hafida.lemrabet@yahoo.fr,32,Oujda,Femme,2021-03-14,2024-03-11 14:04:53.732206,Électronique,ordinateur portable,SOURIS GAMER USB DML MOD DL-GM1003
278,Mustapha Sbaai,mustapha.sbaai@yahoo.fr,56,Rabat,Homme,2020-12-28,2024-10-29 13:51:36.943474,Électronique,ordinateur portable,Casque Gamer élaboré pour Le Confort 7.1 Son Effet 6D Stereo Noise-reduction
279,Othman Toumi,othman.toumi@yahoo.fr,54,Nador,Homme,2020-05-02,2024-02-09 17:56:36.932606,Mode,téléphone,Birkenstock Arizona Big Buckle Nubuck Leather Burnt Orange
280,Manal Idrissi,manal.idrissi@yahoo.fr,66,Beni Mellal,Femme,2024-10-07,2024-05-23 21:23:24.022368,Maison,téléphone,"Mellerware Batteur Mixeur Mélangeur MHM-301 5 Vitesses, 2 Fouets Métalliques - 2 ans de garantie"
281,Fouad El Harti,fouad.el harti@gmail.com,64,Kénitra,Homme,2023-04-02,2024-07-18 12:33:09.399376,Électronique,ordinateur portable,"Data Frog Console de jeu vidéo avec manette sans fil, TV Game Stick, 2023 jeux intégrés"
282,Walid Bouanani,walid.bouanani@gmail.com,52,El Jadida,Homme,2021-07-03,2024-03-24 07:54:44.758249,Électronique,téléphone,Echolink 43 Smart TV Frameless FHD-43SK12-1080P - Récepteur Intégré - HDMI
283,Mounir Kabbaj,mounir.kabbaj@gmail.com,34,Tanger,Homme,2020-09-05,2024-07-04 02:00:13.225283,Mode,téléphone,Birkenstock Arizona Big Buckle Nubuck Leather Burnt Orange
284,Najib Lamrani,najib.lamrani@yahoo.fr,39,El Jadida,Homme,2020-08-11,2024-03-17 10:13:02.809518,Électronique,téléphone,"Console de jeu vidéo sans fil, écran HD 4K 64Gb HDMI avec 10000 jeux + 2 Manettes"
285,Meriem Chami,meriem.chami@yahoo.fr,26,Taza,Femme,2023-10-20,2024-09-29 14:00:57.809426,Maison,téléphone,Tableau moderne fleur jaune et doré 1 Pièce
286,Youssef Lemrabet,youssef.lemrabet@hotmail.com,33,Agadir,Homme,2020-05-03,2024-04-10 14:23:22.256222,Maison,ordinateur portable,Echolink 43 Smart TV Frameless FHD-43SK12-1080P - Récepteur Intégré - HDMI
287,Souad Bouabid,souad.bouabid@gmail.com,26,Kénitra,Femme,2023-12-02,2024-01-16 22:33:01.013631,Sport,ordinateur portable,Adidas Chaussure Court Blanc
288,Hicham Ait Ben Hadi,hicham.ait ben hadi@hotmail.com,68,Tanger,Homme,2020-11-22,2024-03-28 14:01:19.298527,Sport,téléphone,Adidas Chaussure Court Blanc
289,Nawal Tazi,nawal.tazi@gmail.com,55,Rabat,Femme,2024-05-12,2024-04-17 08:10:26.276942,Mode,téléphone,Birkenstock Arizona Big Buckle Nubuck Leather Burnt Orange
290,Salma El Hassani,salma.el hassani@hotmail.com,18,Nador,Femme,2021-07-30,2024-02-03 03:16:12.039949,Maison,téléphone,"Mellerware Batteur Mixeur Mélangeur MHM-301 5 Vitesses, 2 Fouets Métalliques - 2 ans de garantie"
291,Ayman Boudarham,ayman.boudarham@yahoo.fr,64,Beni Mellal,Homme,2024-06-14,2024-09-10 22:38:09.236322,Mode,téléphone,Jacket Homme-Automne noir
292,Ayoub Chahboun,ayoub.chahboun@hotmail.com,37,Beni Mellal,Homme,2022-01-18,2024-06-15 22:02:23.571238,Maison,téléphone,"Mellerware Batteur Mixeur Mélangeur MHM-301 5 Vitesses, 2 Fouets Métalliques - 2 ans de garantie"
293,Nada Aït Said,nada.aït said@gmail.com,45,Marrakech,Femme,2021-12-10,2024-08-28 01:41:03.759771,Électronique,téléphone,Xtrike Clavier Gamer lumineux multicolore KB-302 avec rétro-éclairage RGB
294,Samira El Bouziani,samira.el bouziani@gmail.com,28,Fès,Femme,2021-04-07,2024-03-31 02:03:19.372200,Maison,téléphone,Echolink 43 Smart TV Frameless FHD-43SK12-1080P - Récepteur Intégré - HDMI
295,Khadija Tazi,khadija.tazi@gmail.com,52,El Jadida,Femme,2023-02-19,2024-11-06 16:47:58.474376,Sport,téléphone,Adidas Chaussure Court Blanc
296,Zineb El Haddadi,zineb.el haddadi@hotmail.com,38,Kénitra,Femme,2020-10-28,2024-05-08 01:46:12.617393,Beauté,téléphone,"Now Foods GTF Chrome (Chromium), 200 mcg, 250 comprimés"
297,Fouad Abbadi,fouad.abbadi@gmail.com,59,Beni Mellal,Homme,2022-11-04,2024-01-01 01:09:27.983466,Maison,ordinateur portable,Echolink 43 Smart TV Frameless FHD-43SK12-1080P - Récepteur Intégré - HDMI
298,Asmae Kabbaj,asmae.kabbaj@yahoo.fr,49,Taza,Femme,2023-03-25,2024-02-28 21:38:42.143928,Électronique,ordinateur portable,"Casque Gamer PC LED avec Micro HD : Super Bass, Son Surround 7.1"
299,Nada El Kaidi,nada.el kaidi@gmail.com,50,Tanger,Femme,2022-10-20,2024-09-17 22:01:48.739067,Maison,ordinateur portable,Echolink 43 Smart TV Frameless FHD-43SK12-1080P - Récepteur Intégré - HDMI
300,Sanaa El Khattabi,sanaa.el khattabi@gmail.com,26,Oujda,Femme,2022-12-08,2024-05-24 17:49:57.382313,Électronique,téléphone,Data Frog 4K HD Console de jeu vidéo 2.4G Double contrôleur sans fil
301,Hicham El Asri,hicham.el asri@yahoo.fr,36,Beni Mellal,Homme,2022-02-23,2024-09-21 04:25:22.804766,Mode,téléphone,Jacket Homme-Automne noir
302,Imane Bouanani,imane.bouanani@hotmail.com,30,Taza,Femme,2021-10-05,2024-01-31 15:59:26.811783,Mode,ordinateur portable,Jacket Homme-Automne noir
303,Asmae El Mansouri,asmae.el mansouri@hotmail.com,70,Meknès,Femme,2023-01-14,2024-10-11 19:01:12.167897,Électronique,téléphone,Écouteurs Bluetooth 5.3 sans Fil avec Microphone EarBuds Indicateur de batterie LED
304,Mounia Chaoui,mounia.chaoui@yahoo.fr,27,Oujda,Femme,2022-11-28,2024-09-08 03:53:10.776805,Beauté,ordinateur portable,Pretty by Flormar Eyeliner styler 109 Teal
305,Farouk Aït Said,farouk.aït said@hotmail.com,46,Oujda,Homme,2023-10-22,2024-06-23 14:42:52.120687,Mode,téléphone,Jacket Homme-Automne noir
306,Hajar El Kaidi,hajar.el kaidi@gmail.com,58,Marrakech,Femme,2023-02-17,2024-09-05 11:53:39.360732,Mode,ordinateur portable,Birkenstock Arizona Big Buckle Nubuck Leather Burnt Orange
307,Ismail Mouhtad,ismail.mouhtad@gmail.com,59,Meknès,Homme,2022-01-30,2024-11-09 09:56:23.313552,Mode,ordinateur portable,Birkenstock Arizona Big Buckle Nubuck Leather Burnt Orange
308,Aicha Bennani,aicha.bennani@hotmail.com,65,Beni Mellal,Femme,2022-11-26,2024-05-04 15:26:58.095906,Sport,téléphone,Adidas Chaussure Court Blanc
309,Asmae Moussaoui,asmae.moussaoui@hotmail.com,34,Casablanca,Femme,2022-12-05,2024-11-01 21:42:43.799914,Sport,ordinateur portable,Adidas Chaussure Court Blanc
310,Aziz Taoufik,aziz.taoufik@gmail.com,48,Safi,Homme,2023-03-27,2024-10-28 01:32:56.663641,Maison,téléphone,Tableau moderne fleur jaune et doré 1 Pièce
311,Adil El Morabit,adil.el morabit@gmail.com,45,Nador,Homme,2021-10-28,2024-06-08 11:12:57.165706,Sport,ordinateur portable,Adidas Chaussure Court Blanc
312,Nizar Mouline,nizar.mouline@gmail.com,42,El Jadida,Homme,2023-08-10,2024-01-09 10:59:56.577695,Mode,ordinateur portable,Birkenstock Arizona Big Buckle Nubuck Leather Burnt Orange
313,Reda Amzil,reda.amzil@yahoo.fr,31,Safi,Homme,2024-02-26,2024-04-23 10:34:21.848960,Électronique,ordinateur portable,"Data Frog Console de jeu vidéo rétro avec manette sans fil, 20000 jeux intégrés"
314,Rania Lemrabet,rania.lemrabet@gmail.com,23,Nador,Femme,2021-04-09,2024-10-25 00:00:20.034727,Électronique,téléphone,Casque stéréo de jeu HELLCRACK stéréo casque avec micro 3.5mm Plug Bass pour PS4
315,Chaymae Tabit,chaymae.tabit@yahoo.fr,22,Oujda,Femme,2021-04-16,2024-06-28 08:44:01.251377,Sport,téléphone,Adidas Chaussure Court Blanc
316,Houda El Morabit,houda.el morabit@yahoo.fr,61,Agadir,Femme,2022-07-21,2024-04-01 01:51:01.582886,Mode,ordinateur portable,Jacket Homme-Automne noir
317,Sara Benyahia,sara.benyahia@yahoo.fr,27,El Jadida,Femme,2023-11-13,2024-06-08 18:19:52.177803,Mode,ordinateur portable,Jacket Homme-Automne noir
318,Tarek Taoufik,tarek.taoufik@gmail.com,21,Meknès,Homme,2022-11-27,2024-07-29 06:35:18.137145,Maison,ordinateur portable,Tableau moderne fleur jaune et doré 1 Pièce
319,Younes Abbadi,younes.abbadi@yahoo.fr,54,Casablanca,Homme,2022-01-14,2024-06-13 17:03:33.063724,Électronique,téléphone,"Console de jeu vidéo sans fil, écran HD 4K 64Gb HDMI avec 10000 jeux + 2 Manettes"
320,Ilham Berrada,ilham.berrada@hotmail.com,21,Rabat,Femme,2020-12-04,2024-07-01 09:47:46.355999,Beauté,téléphone,Labello Pack de 2 Baumes à Lèvres - Blackberry Shine - 4.8g
321,Noura Ait Ben Hadi,noura.ait ben hadi@gmail.com,61,Nador,Femme,2024-10-15,2024-10-01 17:18:30.400688,Sport,téléphone,Adidas Chaussure Court Blanc
322,Samir Berrada,samir.berrada@yahoo.fr,42,Meknès,Homme,2023-07-26,2024-01-05 15:46:29.485413,Maison,ordinateur portable,"Mellerware Batteur Mixeur Mélangeur MHM-301 5 Vitesses, 2 Fouets Métalliques - 2 ans de garantie"
323,Youssef Najmi,youssef.najmi@hotmail.com,23,Kénitra,Homme,2024-04-19,2024-08-27 03:52:03.761411,Électronique,téléphone,Console de jeu vidéo avec Double manette sans fil (10000 jeux)
324,Khadija El Mansouri,khadija.el mansouri@hotmail.com,23,Safi,Femme,2023-11-25,2024-09-28 00:52:58.743578,Beauté,ordinateur portable,Labello Pack de 2 Baumes à Lèvres - Blackberry Shine - 4.8g
325,Reda Benjelloun,reda.benjelloun@yahoo.fr,33,Nador,Homme,2021-04-02,2024-10-19 02:14:10.360538,Électronique,téléphone,"Logitech G102 Souris Gaming légère avec éclairage RVB personnalisable, 6 boutons programmables, capteur de qualité de jeu, suivi 8 K dpi, couleur 16,8 mn, poids léger - Noir"
326,Yassine Mouhtad,yassine.mouhtad@yahoo.fr,41,Nador,Homme,2020-03-10,2024-01-02 08:46:58.725492,Électronique,ordinateur portable,"Logitech G102 Souris Gaming légère avec éclairage RVB personnalisable, 6 boutons programmables, capteur de qualité de jeu, suivi 8 K dpi, couleur 16,8 mn, poids léger - Noir"
327,Idriss Essakalli,idriss.essakalli@yahoo.fr,28,Safi,Homme,2021-03-07,2024-06-12 10:56:59.884993,Mode,téléphone,Birkenstock Arizona Big Buckle Nubuck Leather Burnt Orange
328,Mounia El Bouziani,mounia.el bouziani@gmail.com,40,Fès,Femme,2022-09-19,2024-03-18 01:38:50.097240,Mode,ordinateur portable,Jacket Homme-Automne noir
329,Aicha Lamrani,aicha.lamrani@yahoo.fr,64,Tétouan,Femme,2024-09-08,2024-04-10 20:46:12.610274,Électronique,téléphone,Casque stéréo de jeu HELLCRACK stéréo casque avec micro 3.5mm Plug Bass pour PS4
330,Farouk Berrada,farouk.berrada@hotmail.com,50,Khouribga,Homme,2020-12-14,2024-03-08 15:20:46.814553,Électronique,ordinateur portable,Xtrike Souris USB Gamer Optical GM-510 avec 7 boutons et 4800 DPI
331,Aya Tazi,aya.tazi@gmail.com,20,Beni Mellal,Femme,2020-01-05,2024-03-31 03:27:30.978230,Mode,téléphone,Birkenstock Arizona Big Buckle Nubuck Leather Burnt Orange
332,Younes Khalfi,younes.khalfi@gmail.com,60,Casablanca,Homme,2024-03-16,2024-03-18 06:22:37.671172,Sport,ordinateur portable,Adidas Chaussure Court Blanc
333,Amina Fares,amina.fares@gmail.com,28,Khouribga,Femme,2023-12-26,2024-03-26 07:19:05.541524,Beauté,téléphone,L'Oréal Paris Offre spéciale Écran Visage UV Defender à l'acide hyaluronique SPF 50+ Moisture Fresh = Trousse Offerte
334,Khouloud Fares,khouloud.fares@gmail.com,51,Marrakech,Femme,2020-05-18,2024-03-23 12:58:18.868357,Mode,téléphone,Jacket Homme-Automne noir
335,Reda Kabbaj,reda.kabbaj@hotmail.com,48,Nador,Homme,2022-01-17,2024-05-15 12:43:14.524415,Maison,téléphone,Echolink 43 Smart TV Frameless FHD-43SK12-1080P - Récepteur Intégré - HDMI
336,Loubna Alaoui,loubna.alaoui@hotmail.com,36,Rabat,Femme,2020-01-11,2024-01-02 00:49:41.130023,Sport,ordinateur portable,Adidas Chaussure Court Blanc
337,Asmae Qaraoui,asmae.qaraoui@yahoo.fr,36,Fès,Femme,2021-10-24,2024-04-24 21:43:00.836804,Mode,ordinateur portable,Jacket Homme-Automne noir
338,Omar Chaoui,omar.chaoui@hotmail.com,19,Rabat,Homme,2024-10-11,2024-09-02 22:29:40.040105,Électronique,ordinateur portable,Casque Bluetooth 5.0 Pour Chat Music Headset Cat Ear Headphones Wireless
339,Manal Ait El Caïd,manal.ait el caïd@yahoo.fr,52,Nador,Femme,2022-02-19,2024-07-22 10:10:27.365878,Sport,téléphone,Adidas Chaussure Court Blanc
340,Nadir Amine,nadir.amine@gmail.com,40,Fès,Homme,2024-06-27,2024-01-17 19:46:28.180300,Sport,ordinateur portable,Adidas Chaussure Court Blanc
341,Younes Lemrabet,younes.lemrabet@hotmail.com,35,Khouribga,Homme,2021-10-09,2024-01-05 01:34:03.067902,Maison,téléphone,Elit MARMITE POUR LES PÂTES
342,Najib Toumi,najib.toumi@yahoo.fr,48,Casablanca,Homme,2023-10-01,2024-05-31 16:08:43.437070,Sport,ordinateur portable,Adidas Chaussure Court Blanc
343,Reda Chaoui,reda.chaoui@yahoo.fr,30,Tétouan,Homme,2023-06-08,2024-02-02 06:06:06.519773,Sport,ordinateur portable,Adidas Chaussure Court Blanc
344,Ilyas Amine,ilyas.amine@hotmail.com,65,Safi,Homme,2022-02-08,2024-04-17 09:31:50.192428,Mode,ordinateur portable,Birkenstock Arizona Big Buckle Nubuck Leather Burnt Orange
345,Sara Bouanani,sara.bouanani@hotmail.com,44,Beni Mellal,Femme,2023-03-09,2024-02-09 23:17:21.958251,Électronique,ordinateur portable,Razer Casque Sans Fil Barracuda RZ04-03790100-R3M1
346,Zakaria Berrada,zakaria.berrada@gmail.com,49,Tétouan,Homme,2020-01-08,2024-03-04 23:47:14.053722,Électronique,ordinateur portable,"USB Game Stick 4K sortie HDMI pour TV, avec 2 manettes sans fil"
347,Mounir Belghazi,mounir.belghazi@yahoo.fr,55,Marrakech,Homme,2020-03-26,2024-06-23 23:04:07.157786,Électronique,téléphone,Canon PIXMA G2430 Imprimante multifonction à réservoirs rechargeables (5991C009AA)
348,Latifa Sefiani,latifa.sefiani@hotmail.com,42,Casablanca,Femme,2020-10-02,2024-04-17 23:03:26.757171,Sport,ordinateur portable,Adidas Chaussure Court Blanc
349,Yasmine Qoubaa,yasmine.qoubaa@hotmail.com,37,Kénitra,Femme,2023-02-07,2024-02-22 23:29:58.615895,Électronique,téléphone,Data Frog Console de Jeu Vidéo Portable Rétro Jeux Bâton TV Bâton 4K Lite USB Jeux pour Gameboy Sega PS1 NES GBA SNES
350,Mustapha Chami,mustapha.chami@gmail.com,68,El Jadida,Homme,2020-10-06,2024-06-05 17:33:46.646764,Sport,téléphone,Adidas Chaussure Court Blanc
351,Samir Benyahia,samir.benyahia@yahoo.fr,46,Tanger,Homme,2024-09-22,2024-09-30 07:11:36.156290,Mode,téléphone,Jacket Homme-Automne noir
352,Mahdi Amzil,mahdi.amzil@gmail.com,55,Marrakech,Homme,2022-12-21,2024-02-22 14:35:54.880969,Mode,ordinateur portable,Jacket Homme-Automne noir
353,Mahdi Alami,mahdi.alami@yahoo.fr,54,Safi,Homme,2022-12-27,2024-10-25 01:07:58.479272,Maison,téléphone,Tableau moderne fleur jaune et doré 1 Pièce
354,Sara Mouhtad,sara.mouhtad@gmail.com,28,Tétouan,Femme,2021-06-19,2024-10-08 16:03:13.480028,Maison,ordinateur portable,Elit MARMITE POUR LES PÂTES
355,Mounia Alami,mounia.alami@gmail.com,47,Safi,Femme,2020-06-16,2024-06-21 08:05:07.565204,Beauté,téléphone,Labello Pack de 2 Baumes à Lèvres - Blackberry Shine - 4.8g
356,Othman Amine,othman.amine@gmail.com,23,El Jadida,Homme,2024-08-09,2024-05-02 19:46:33.315594,Mode,ordinateur portable,Birkenstock Arizona Big Buckle Nubuck Leather Burnt Orange
357,Khouloud Tazi,khouloud.tazi@yahoo.fr,63,Agadir,Femme,2020-04-05,2024-08-24 05:59:01.837194,Électronique,téléphone,Echolink 43 Smart TV Frameless FHD-43SK12-1080P - Récepteur Intégré - HDMI
358,Souhail Abbadi,souhail.abbadi@yahoo.fr,41,Casablanca,Homme,2024-03-23,2024-03-21 15:34:44.928164,Électronique,ordinateur portable,"Data Frog Console de jeu vidéo rétro M15, 2.4 Go, 64 Go, manettes sans fil pour touristes, sortie HD"
359,Yacine El Morabit,yacine.el morabit@hotmail.com,37,Casablanca,Homme,2022-01-07,2024-01-27 11:43:12.258047,Électronique,ordinateur portable,Xtrike Clavier Gamer lumineux multicolore KB-302 avec rétro-éclairage RGB
360,Samira Rhani,samira.rhani@yahoo.fr,59,Khouribga,Femme,2024-03-09,2024-05-12 18:29:28.623393,Maison,téléphone,Tableau moderne fleur jaune et doré 1 Pièce
361,Mouna El Hiba,mouna.el hiba@gmail.com,57,Fès,Femme,2023-11-21,2024-08-29 12:42:48.047024,Sport,ordinateur portable,Adidas Chaussure Court Blanc
362,Amina Rhani,amina.rhani@gmail.com,67,Safi,Femme,2024-01-10,2024-10-02 02:08:17.001339,Maison,ordinateur portable,Tableau moderne fleur jaune et doré 1 Pièce
363,Amina Tabit,amina.tabit@hotmail.com,70,Agadir,Femme,2020-03-28,2024-09-28 14:07:17.298551,Beauté,téléphone,Pretty by Flormar Crayon à sourcils Styler 401 Blonde
364,Imane El Asri,imane.el asri@hotmail.com,49,Fès,Femme,2022-08-23,2024-09-26 03:19:51.175363,Sport,ordinateur portable,Adidas Chaussure Court Blanc
365,Mounir Amzil,mounir.amzil@gmail.com,62,Oujda,Homme,2022-08-28,2024-06-15 03:47:27.357823,Électronique,ordinateur portable,Data Frog M15 Game Console HDMI 4K Game Stick with 2000 Games . GAMEPAD
366,Ayman Ben El Mahjoub,ayman.ben el mahjoub@yahoo.fr,66,Tétouan,Homme,2020-03-19,2024-11-09 20:18:36.157232,Maison,téléphone,Echolink 43 Smart TV Frameless FHD-43SK12-1080P - Récepteur Intégré - HDMI
367,Rajae El Mansouri,rajae.el mansouri@gmail.com,37,El Jadida,Femme,2023-04-23,2024-05-02 10:49:32.684208,Sport,téléphone,Adidas Chaussure Court Blanc
368,Yassine Guennoun,yassine.guennoun@hotmail.com,63,Safi,Homme,2021-04-02,2024-06-05 15:44:56.774683,Maison,ordinateur portable,Echolink 43 Smart TV Frameless FHD-43SK12-1080P - Récepteur Intégré - HDMI
369,Reda Amzil,reda.amzil@hotmail.com,19,Safi,Homme,2022-12-18,2024-06-01 12:39:57.129431,Électronique,ordinateur portable,"Console de jeu vidéo sans fil, écran HD 4K 64Gb HDMI avec 10000 jeux + 2 Manettes"
370,Souad Bouanani,souad.bouanani@yahoo.fr,69,Meknès,Femme,2024-10-15,2024-05-28 04:17:38.585972,Beauté,téléphone,Garnier Pack SkinActive Vitamine C - Sérum Visage 30ml + Gel Nettoyant 50 ml + Crème de jour éclaircissante + SPF25 à La Vitamine C
371,El Mehdi Sefiani,el mehdi.sefiani@hotmail.com,59,Nador,Homme,2023-07-23,2024-09-20 13:08:39.374030,Sport,ordinateur portable,Adidas Chaussure Court Blanc
372,Aziz Mimouni,aziz.mimouni@hotmail.com,62,Marrakech,Homme,2023-09-12,2024-11-10 13:17:40.661520,Sport,ordinateur portable,Adidas Chaussure Court Blanc
373,Latifa Derkaoui,latifa.derkaoui@gmail.com,66,Khouribga,Femme,2024-07-21,2024-03-07 14:46:02.015965,Beauté,téléphone,Pretty by Flormar Eyeliner styler 109 Teal
374,Aicha Bouabid,aicha.bouabid@hotmail.com,18,Meknès,Femme,2020-06-11,2024-01-29 18:30:04.306826,Sport,téléphone,Adidas Chaussure Court Blanc
375,Nassim Berrada,nassim.berrada@gmail.com,31,Marrakech,Homme,2021-02-15,2024-03-07 05:57:20.429460,Sport,ordinateur portable,Adidas Chaussure Court Blanc
376,Aicha Qaraoui,aicha.qaraoui@hotmail.com,31,Nador,Femme,2023-08-01,2024-08-22 03:07:56.468977,Sport,ordinateur portable,Adidas Chaussure Court Blanc
377,Nassim Amine,nassim.amine@yahoo.fr,45,Tanger,Homme,2023-07-10,2024-08-02 06:28:13.079535,Sport,ordinateur portable,Adidas Chaussure Court Blanc
378,Farouk Idrissi,farouk.idrissi@gmail.com,66,Fès,Homme,2023-11-07,2024-01-26 02:18:32.408278,Maison,ordinateur portable,Elit MARMITE POUR LES PÂTES
379,Rania Moutawakel,rania.moutawakel@yahoo.fr,32,Meknès,Femme,2024-09-20,2024-06-07 17:20:28.587855,Électronique,ordinateur portable,Canon PIXMA G2430 Imprimante multifonction à réservoirs rechargeables (5991C009AA)
380,Walid Bennani,walid.bennani@yahoo.fr,44,Meknès,Homme,2021-05-11,2024-05-09 18:24:30.309682,Mode,téléphone,Jacket Homme-Automne noir
381,Younes Chami,younes.chami@yahoo.fr,40,Safi,Homme,2024-02-21,2024-08-04 15:36:37.769260,Électronique,ordinateur portable,Console de Jeu Vidéo Rétro Portable
382,Mustapha Ben El Mahjoub,mustapha.ben el mahjoub@yahoo.fr,26,Tanger,Homme,2023-09-20,2024-05-05 17:10:57.609808,Électronique,téléphone,"Console de jeu vidéo sans fil, écran HD 4K 64Gb HDMI avec 20000 jeux + 2 Manettes"
383,Yassine El Fihri,yassine.el fihri@hotmail.com,68,Marrakech,Homme,2024-04-27,2024-06-08 16:59:41.206210,Maison,ordinateur portable,Tableau moderne fleur jaune et doré 1 Pièce
384,Saad Ait El Caïd,saad.ait el caïd@gmail.com,28,Meknès,Homme,2022-07-09,2024-10-25 08:23:46.735463,Maison,téléphone,Elit MARMITE POUR LES PÂTES
385,Saad Mouhtad,saad.mouhtad@yahoo.fr,66,Beni Mellal,Homme,2024-06-25,2024-01-31 10:10:58.506754,Mode,téléphone,Jacket Homme-Automne noir
386,Salwa El Morabit,salwa.el morabit@hotmail.com,29,Beni Mellal,Femme,2021-03-19,2024-04-12 09:34:23.562270,Maison,ordinateur portable,Tableau moderne fleur jaune et doré 1 Pièce
387,Younes Lahlou,younes.lahlou@gmail.com,48,Khouribga,Homme,2020-09-08,2024-05-13 11:54:07.085396,Mode,ordinateur portable,Birkenstock Arizona Big Buckle Nubuck Leather Burnt Orange
388,Adil Belghazi,adil.belghazi@yahoo.fr,44,Kénitra,Homme,2021-04-22,2024-09-13 16:24:31.714854,Sport,ordinateur portable,Adidas Chaussure Court Blanc
389,Manal Lemrabet,manal.lemrabet@yahoo.fr,56,Beni Mellal,Femme,2023-05-07,2024-04-30 08:36:21.022995,Sport,ordinateur portable,Adidas Chaussure Court Blanc
390,Salma El Fihri,salma.el fihri@gmail.com,28,Beni Mellal,Femme,2021-02-21,2024-01-03 18:50:49.480779,Beauté,téléphone,Labello Pack de 2 Baumes à Lèvres - Blackberry Shine - 4.8g
391,Fatima Daki,fatima.daki@hotmail.com,70,Oujda,Femme,2023-07-24,2024-07-10 16:14:32.280697,Sport,ordinateur portable,Adidas Chaussure Court Blanc
392,El Mehdi Toumi,el mehdi.toumi@gmail.com,25,Oujda,Homme,2020-07-29,2024-06-13 12:20:27.058469,Sport,téléphone,Adidas Chaussure Court Blanc
393,Hamza Bennani,hamza.bennani@yahoo.fr,60,Tanger,Homme,2023-06-19,2024-05-12 20:52:13.007883,Sport,téléphone,Adidas Chaussure Court Blanc
394,Loubna El Idrissi,loubna.el idrissi@yahoo.fr,19,Marrakech,Femme,2024-07-22,2024-05-07 21:30:59.818131,Beauté,ordinateur portable,Garnier Pack SkinActive Vitamine C - Sérum Visage 30ml + Gel Nettoyant 50 ml + Crème de jour éclaircissante + SPF25 à La Vitamine C
395,Loubna El Kabbaj,loubna.el kabbaj@gmail.com,32,El Jadida,Femme,2023-01-20,2024-01-31 21:20:14.423306,Sport,téléphone,Adidas Chaussure Court Blanc
396,Sara Idrissi,sara.idrissi@hotmail.com,44,Tétouan,Femme,2022-10-22,2024-07-28 07:05:35.187309,Électronique,ordinateur portable,"Data Frog Manette sans fil RGB Multifonctions, avec batterie 1000mAh, Fonction Turbo programmable"
397,Laila Laalami,laila.laalami@yahoo.fr,20,Marrakech,Femme,2022-12-25,2024-04-10 07:48:27.767154,Sport,téléphone,Adidas Chaussure Court Blanc
398,Khouloud El Harti,khouloud.el harti@yahoo.fr,23,Safi,Femme,2020-07-30,2024-07-05 02:35:32.271135,Mode,téléphone,Jacket Homme-Automne noir
399,Nada Daki,nada.daki@gmail.com,37,Marrakech,Femme,2021-09-15,2024-05-01 19:19:37.696358,Sport,téléphone,Adidas Chaussure Court Blanc
400,Samira Daki,samira.daki@yahoo.fr,19,Kénitra,Femme,2020-09-09,2024-06-13 02:59:05.028260,Sport,téléphone,Adidas Chaussure Court Blanc
401,Sanaa Chami,sanaa.chami@hotmail.com,47,Tétouan,Femme,2020-11-09,2024-09-07 06:23:49.744001,Électronique,téléphone,"Logitech R500s, télécommande de présentation laser, Bluetooth, récepteur USB-A, cliqueur de présentation avec pointeur laser pour PowerPoint, Google Slides, pour Windows/MacOS"
402,Mohamed El Harti,mohamed.el harti@gmail.com,49,Marrakech,Homme,2020-12-12,2024-07-23 01:41:13.238095,Mode,ordinateur portable,Jacket Homme-Automne noir
403,Mouna Rhani,mouna.rhani@yahoo.fr,34,Rabat,Femme,2024-10-27,2024-11-06 14:08:12.491012,Électronique,téléphone,Logitech K400 Plus Clavier sans Fil Touch TV avec Contrôle Média et Pavé Tactile - Noir
404,Nizar Chahboun,nizar.chahboun@gmail.com,68,Marrakech,Homme,2021-07-06,2024-05-08 19:49:08.764308,Sport,ordinateur portable,Adidas Chaussure Court Blanc
405,Anas El Harti,anas.el harti@hotmail.com,52,Fès,Homme,2022-11-04,2024-03-12 05:01:06.701644,Électronique,téléphone,Casque Gamer élaboré pour Le Confort 7.1 Son Effet 6D Stereo Noise-reduction
406,Fatima El Ghazoui,fatima.el ghazoui@yahoo.fr,44,Nador,Femme,2021-12-13,2024-08-15 19:53:40.621914,Beauté,téléphone,"Now Foods GTF Chrome (Chromium), 200 mcg, 250 comprimés"
407,Mounia Rhani,mounia.rhani@hotmail.com,26,Agadir,Femme,2020-07-17,2024-09-02 02:26:23.424108,Maison,ordinateur portable,Tableau moderne fleur jaune et doré 1 Pièce
408,Ismail Qachchach,ismail.qachchach@yahoo.fr,64,Meknès,Homme,2022-09-07,2024-04-14 00:09:35.562152,Maison,téléphone,Elit MARMITE POUR LES PÂTES
409,Hajar Toumi,hajar.toumi@hotmail.com,68,Casablanca,Femme,2020-02-03,2024-10-16 17:23:36.461818,Électronique,téléphone,Data Frog 64G 4K HD Console de jeu vidéo 2.4G Double contrôleur sans fil pour PS1/FC/GBA 10000 jeux Stick
410,Nizar Maaroufi,nizar.maaroufi@hotmail.com,33,Khouribga,Homme,2024-11-10,2024-03-18 10:40:46.644118,Maison,téléphone,Elit MARMITE POUR LES PÂTES
411,Meriem El Khattabi,meriem.el khattabi@yahoo.fr,66,Marrakech,Femme,2022-11-24,2024-05-28 11:06:11.740742,Mode,ordinateur portable,Jacket Homme-Automne noir
412,Rachid Essakalli,rachid.essakalli@hotmail.com,55,Meknès,Homme,2023-10-21,2024-08-02 09:26:25.240951,Électronique,ordinateur portable,Ge Souris Wired Gaming RGB - Noir
413,Leila Mekouar,leila.mekouar@yahoo.fr,28,Safi,Femme,2020-08-09,2024-08-31 21:32:28.005279,Beauté,ordinateur portable,Pretty by Flormar Crayon à sourcils Styler 401 Blonde
414,Farouk Bouanani,farouk.bouanani@hotmail.com,26,Fès,Homme,2021-03-15,2024-08-09 19:43:57.152266,Électronique,ordinateur portable,Lampe de travail à distance avec musique USB
415,Imran El Kabbaj,imran.el kabbaj@hotmail.com,18,Taza,Homme,2020-04-25,2024-03-24 23:46:42.239044,Sport,ordinateur portable,Adidas Chaussure Court Blanc
416,Othman El Idrissi,othman.el idrissi@hotmail.com,66,Casablanca,Homme,2023-05-29,2024-10-19 21:54:12.454465,Mode,téléphone,Jacket Homme-Automne noir
417,Hicham Alami,hicham.alami@hotmail.com,49,Meknès,Homme,2021-04-23,2024-04-06 09:51:56.712125,Maison,téléphone,Elit MARMITE POUR LES PÂTES
418,Soukaina Mouline,soukaina.mouline@gmail.com,36,Khouribga,Femme,2022-11-13,2024-09-09 08:07:04.397276,Sport,téléphone,Adidas Chaussure Court Blanc
419,Ikram El Asri,ikram.el asri@yahoo.fr,45,Tanger,Femme,2021-09-24,2024-03-23 12:43:04.286983,Sport,ordinateur portable,Adidas Chaussure Court Blanc
420,Manal El Fihri,manal.el fihri@yahoo.fr,21,Khouribga,Femme,2021-07-14,2024-04-19 10:45:33.933869,Beauté,ordinateur portable,Labello Pack de 2 Baumes à Lèvres - Blackberry Shine - 4.8g
421,Farah Essoufi,farah.essoufi@yahoo.fr,38,Agadir,Femme,2024-08-27,2024-07-01 17:38:22.569797,Beauté,téléphone,"Now Foods GTF Chrome (Chromium), 200 mcg, 250 comprimés"
422,Ahmed Boudarham,ahmed.boudarham@gmail.com,27,Beni Mellal,Homme,2023-02-17,2024-10-18 13:37:53.990913,Électronique,téléphone,"Data Frog Console de jeu vidéo avec manette sans fil, TV Game Stick, 2023 jeux intégrés"
423,Ahmed Sefiani,ahmed.sefiani@hotmail.com,19,Kénitra,Homme,2024-08-26,2024-06-25 20:10:18.887767,Électronique,téléphone,"Console de jeu vidéo sans fil, écran HD 4K 64Gb HDMI avec 10000 jeux + 2 Manettes"
424,Hicham Essoufi,hicham.essoufi@hotmail.com,26,Fès,Homme,2020-05-18,2024-11-04 23:04:05.266257,Mode,téléphone,Jacket Homme-Automne noir
425,Ilyas Ben El Mahjoub,ilyas.ben el mahjoub@hotmail.com,69,Tanger,Homme,2020-09-10,2024-03-09 13:15:47.891371,Électronique,ordinateur portable,"Manette de jeu sans fil Bluetooth contrôleur de jeu pour PS4, PS3, PC, TVBox"
426,Maha Essakalli,maha.essakalli@hotmail.com,42,Beni Mellal,Femme,2024-05-11,2024-10-25 22:48:56.795464,Maison,téléphone,Tableau moderne fleur jaune et doré 1 Pièce
427,Soukaina Chahboun,soukaina.chahboun@yahoo.fr,22,Rabat,Femme,2020-09-23,2024-10-30 18:20:10.834504,Électronique,téléphone,Casque stéréo de jeu HELLCRACK stéréo casque avec micro 3.5mm Plug Bass pour PS4
428,Imane Khalfi,imane.khalfi@yahoo.fr,65,Agadir,Femme,2023-11-11,2024-03-15 19:58:49.227685,Beauté,ordinateur portable,Pretty by Flormar Eyeliner styler 109 Teal
429,Aziz Essoufi,aziz.essoufi@gmail.com,24,Tétouan,Homme,2022-03-22,2024-03-23 13:51:36.320073,Maison,ordinateur portable,Elit MARMITE POUR LES PÂTES
430,Mohamed Sbaai,mohamed.sbaai@gmail.com,58,Marrakech,Homme,2021-09-06,2024-03-04 18:01:48.354721,Mode,ordinateur portable,Jacket Homme-Automne noir
431,Rachid Lahlou,rachid.lahlou@hotmail.com,57,Marrakech,Homme,2020-03-20,2024-04-02 06:29:13.989792,Mode,ordinateur portable,Jacket Homme-Automne noir
432,Houda El Haddadi,houda.el haddadi@yahoo.fr,63,Kénitra,Femme,2020-09-07,2024-01-07 01:23:13.392082,Électronique,ordinateur portable,Razer CLAVIER GAMING Cynosa Lite – French Layout
433,Najib Boughaleb,najib.boughaleb@hotmail.com,36,Fès,Homme,2021-12-16,2024-06-30 16:43:40.867397,Sport,téléphone,Adidas Chaussure Court Blanc
434,Amina Bouazzaoui,amina.bouazzaoui@gmail.com,38,Tanger,Femme,2023-11-14,2024-10-24 02:41:28.952145,Mode,téléphone,Birkenstock Arizona Big Buckle Nubuck Leather Burnt Orange
435,Reda Chaoui,reda.chaoui@yahoo.fr,47,El Jadida,Homme,2021-02-07,2024-01-27 18:09:20.315426,Électronique,téléphone,Console de jeu TV HDMI 4K DDR3 256MB intégrée + 20000 jeux rétro + 2 manettes de jeu sans fil
436,Souad Tabit,souad.tabit@gmail.com,35,Tanger,Femme,2020-10-28,2024-07-17 12:04:17.498231,Beauté,téléphone,"Now Foods GTF Chrome (Chromium), 200 mcg, 250 comprimés"
437,Hamza Moutawakel,hamza.moutawakel@hotmail.com,68,Tétouan,Homme,2024-11-07,2024-10-27 17:56:12.792344,Électronique,ordinateur portable,Data Frog 4K HD Video Game Console 2.4G Double Wireless Controller For PS1/FC/GBA 10000 Games Stick
438,Souhail Mouhtad,souhail.mouhtad@gmail.com,59,Agadir,Homme,2022-11-28,2024-08-20 09:09:50.533492,Électronique,téléphone,"Data Frog Console de jeu vidéo rétro M15, 2.4 Go, 64 Go, manettes sans fil pour touristes, sortie HD"
439,Anas El Harti,anas.el harti@yahoo.fr,35,El Jadida,Homme,2024-10-10,2024-06-25 02:51:36.489109,Électronique,ordinateur portable,Data Frog Console de Jeu Vidéo Portable Rétro Jeux Bâton TV Bâton 4K Lite USB Jeux pour Gameboy Sega PS1 NES GBA SNES
440,Chaymae Mouline,chaymae.mouline@yahoo.fr,56,Meknès,Femme,2023-06-27,2024-01-22 03:32:11.380580,Électronique,téléphone,Casque Bluetooth 5.0 Pour Chat Music Headset Cat Ear Headphones Wireless
441,Salma Taoufik,salma.taoufik@gmail.com,24,Rabat,Femme,2021-09-04,2024-03-01 13:05:12.973441,Électronique,ordinateur portable,Lampe de travail à distance avec musique USB
442,Souad Guennoun,souad.guennoun@hotmail.com,49,Meknès,Femme,2023-07-24,2024-03-30 19:08:59.490199,Sport,ordinateur portable,Adidas Chaussure Court Blanc
443,Jawad Aït Said,jawad.aït said@yahoo.fr,52,Agadir,Homme,2022-06-28,2024-06-07 08:11:58.825965,Sport,ordinateur portable,Adidas Chaussure Court Blanc
444,Hassan Chami,hassan.chami@gmail.com,28,Nador,Homme,2024-02-24,2024-05-07 21:33:39.651847,Maison,téléphone,Tableau moderne fleur jaune et doré 1 Pièce
445,Malak El Hiba,malak.el hiba@gmail.com,41,Kénitra,Femme,2022-05-14,2024-07-05 23:30:07.930588,Sport,ordinateur portable,Adidas Chaussure Court Blanc
446,Najib Bouanani,najib.bouanani@yahoo.fr,52,Meknès,Homme,2021-02-16,2024-07-27 21:11:15.377878,Sport,téléphone,Adidas Chaussure Court Blanc
447,El Mehdi El Baz,el mehdi.el baz@gmail.com,41,Rabat,Homme,2024-06-07,2024-11-10 14:48:27.601742,Mode,ordinateur portable,Jacket Homme-Automne noir
448,Latifa Alami,latifa.alami@gmail.com,18,Rabat,Femme,2024-08-14,2024-09-13 09:13:41.477224,Électronique,ordinateur portable,Sony Casque-micro sans fil PS5 Pulse 3D Noir
449,Yacine El Kabbaj,yacine.el kabbaj@hotmail.com,36,Taza,Homme,2020-11-26,2024-01-03 03:35:02.226933,Sport,ordinateur portable,Adidas Chaussure Court Blanc
450,Anas Derkaoui,anas.derkaoui@yahoo.fr,64,Oujda,Homme,2021-03-14,2024-03-17 10:15:39.695830,Mode,ordinateur portable,Birkenstock Arizona Big Buckle Nubuck Leather Burnt Orange
451,Farouk Najmi,farouk.najmi@hotmail.com,19,Tétouan,Homme,2023-10-31,2024-08-18 01:25:18.094798,Maison,ordinateur portable,Echolink 43 Smart TV Frameless FHD-43SK12-1080P - Récepteur Intégré - HDMI
452,Ibtissam Tabit,ibtissam.tabit@gmail.com,64,Tanger,Femme,2023-01-22,2024-05-05 08:30:09.405368,Beauté,téléphone,L'Oréal Paris Offre spéciale Écran Visage UV Defender à l'acide hyaluronique SPF 50+ Moisture Fresh = Trousse Offerte
453,Salma Laalami,salma.laalami@yahoo.fr,64,Kénitra,Femme,2024-09-09,2024-10-26 06:09:10.873978,Électronique,ordinateur portable,Data Frog Console de Jeu Vidéo Portable Rétro Jeux Bâton TV Bâton 4K Lite USB Jeux pour Gameboy Sega PS1 NES GBA SNES
454,Mounia Chami,mounia.chami@yahoo.fr,50,Casablanca,Femme,2024-07-02,2024-05-11 13:46:46.251834,Maison,téléphone,Tableau moderne fleur jaune et doré 1 Pièce
455,Karim Berrada,karim.berrada@yahoo.fr,28,Taza,Homme,2020-05-12,2024-11-08 06:02:50.302562,Mode,ordinateur portable,Jacket Homme-Automne noir
456,Asmae Essakalli,asmae.essakalli@yahoo.fr,53,Beni Mellal,Femme,2021-11-02,2024-07-11 14:42:32.209162,Électronique,téléphone,"Logitech G102 Souris Gaming légère avec éclairage RVB personnalisable, 6 boutons programmables, capteur de qualité de jeu, suivi 8 K dpi, couleur 16,8 mn, poids léger - Noir"
457,Chaymae Boulmaaz,chaymae.boulmaaz@yahoo.fr,24,Marrakech,Femme,2022-10-26,2024-08-31 07:57:11.495386,Beauté,téléphone,Pretty by Flormar Crayon à sourcils Styler 401 Blonde
458,Imran El Bouziani,imran.el bouziani@gmail.com,20,Safi,Homme,2021-05-31,2024-01-21 16:39:13.804248,Mode,téléphone,Jacket Homme-Automne noir
459,Laila Guennoun,laila.guennoun@yahoo.fr,24,Taza,Femme,2020-05-01,2024-05-18 23:12:52.621803,Beauté,téléphone,L'Oréal Paris Offre spéciale Écran Visage UV Defender à l'acide hyaluronique SPF 50+ Moisture Fresh = Trousse Offerte
460,Hafsa Najmi,hafsa.najmi@yahoo.fr,38,Casablanca,Femme,2023-10-25,2024-02-14 03:05:36.224633,Maison,ordinateur portable,"Mellerware Batteur Mixeur Mélangeur MHM-301 5 Vitesses, 2 Fouets Métalliques - 2 ans de garantie"
461,Siham El Mansouri,siham.el mansouri@yahoo.fr,40,Oujda,Femme,2022-07-07,2024-04-05 03:33:43.827716,Beauté,ordinateur portable,"Now Foods GTF Chrome (Chromium), 200 mcg, 250 comprimés"
462,Said Chaoui,said.chaoui@yahoo.fr,68,El Jadida,Homme,2021-11-18,2024-09-15 15:10:02.811348,Mode,ordinateur portable,Jacket Homme-Automne noir
463,Farah Amrani,farah.amrani@hotmail.com,27,Casablanca,Femme,2021-03-07,2024-09-07 20:53:20.966878,Mode,ordinateur portable,Birkenstock Arizona Big Buckle Nubuck Leather Burnt Orange
464,Hicham Fares,hicham.fares@hotmail.com,61,Khouribga,Homme,2023-02-21,2024-10-03 14:34:34.415491,Électronique,téléphone,"Data Frog Console de jeu vidéo rétro M15, 2.4 Go, 64 Go, manettes sans fil pour touristes, sortie HD"
465,Nizar Lemrabet,nizar.lemrabet@yahoo.fr,28,Nador,Homme,2023-08-07,2024-10-21 03:35:05.719667,Maison,ordinateur portable,Tableau moderne fleur jaune et doré 1 Pièce
466,Othman El Morabit,othman.el morabit@hotmail.com,49,Beni Mellal,Homme,2021-09-09,2024-05-20 07:23:27.175208,Mode,téléphone,Birkenstock Arizona Big Buckle Nubuck Leather Burnt Orange
467,Farah Boughaleb,farah.boughaleb@yahoo.fr,64,Oujda,Femme,2024-09-20,2024-02-12 08:36:47.802720,Sport,ordinateur portable,Adidas Chaussure Court Blanc
468,Rim El Kaidi,rim.el kaidi@hotmail.com,19,Taza,Femme,2022-10-25,2024-09-17 09:12:05.962960,Beauté,téléphone,"Now Foods GTF Chrome (Chromium), 200 mcg, 250 comprimés"
469,Badr Chaoui,badr.chaoui@yahoo.fr,22,Kénitra,Homme,2023-06-07,2024-01-18 04:00:19.952266,Sport,ordinateur portable,Adidas Chaussure Court Blanc
470,Amine Chaoui,amine.chaoui@hotmail.com,68,Marrakech,Homme,2024-07-08,2024-08-11 00:38:20.038484,Sport,ordinateur portable,Adidas Chaussure Court Blanc
471,Samir Mekouar,samir.mekouar@hotmail.com,31,Fès,Homme,2023-09-28,2024-07-10 03:39:19.415148,Électronique,téléphone,Sony Casque-micro sans fil PS5 Pulse 3D Noir
472,Houda El Ghazoui,houda.el ghazoui@gmail.com,23,Nador,Femme,2023-02-23,2024-06-28 03:09:38.823023,Beauté,ordinateur portable,Garnier Pack SkinActive Vitamine C - Sérum Visage 30ml + Gel Nettoyant 50 ml + Crème de jour éclaircissante + SPF25 à La Vitamine C
473,Aziz Qachchach,aziz.qachchach@hotmail.com,67,Agadir,Homme,2021-07-16,2024-09-26 03:01:09.994366,Mode,ordinateur portable,Birkenstock Arizona Big Buckle Nubuck Leather Burnt Orange
474,Salwa Ben El Mahjoub,salwa.ben el mahjoub@hotmail.com,58,Safi,Femme,2020-09-11,2024-09-06 13:54:02.144281,Sport,ordinateur portable,Adidas Chaussure Court Blanc
475,Latifa Belghazi,latifa.belghazi@yahoo.fr,46,Khouribga,Femme,2023-03-08,2024-10-20 18:07:15.155052,Beauté,ordinateur portable,Garnier Pack SkinActive Vitamine C - Sérum Visage 30ml + Gel Nettoyant 50 ml + Crème de jour éclaircissante + SPF25 à La Vitamine C
476,Siham Benchekroun,siham.benchekroun@yahoo.fr,36,Casablanca,Femme,2021-12-04,2024-09-19 06:30:58.292657,Beauté,ordinateur portable,"Now Foods GTF Chrome (Chromium), 200 mcg, 250 comprimés"
477,Houda Moutawakel,houda.moutawakel@gmail.com,18,Casablanca,Femme,2022-10-10,2024-06-11 03:19:02.537086,Électronique,ordinateur portable,"Console de jeu vidéo sans fil, écran HD 4K 64Gb HDMI avec 10000 jeux + 2 Manettes"
478,Siham Maaroufi,siham.maaroufi@gmail.com,36,Casablanca,Femme,2024-03-17,2024-02-23 12:14:08.537119,Maison,téléphone,"Mellerware Batteur Mixeur Mélangeur MHM-301 5 Vitesses, 2 Fouets Métalliques - 2 ans de garantie"
479,Aya Sbaai,aya.sbaai@hotmail.com,24,Oujda,Femme,2024-08-07,2024-10-22 12:49:10.471118,Maison,ordinateur portable,Tableau moderne fleur jaune et doré 1 Pièce
480,Marwa Guennoun,marwa.guennoun@hotmail.com,49,Beni Mellal,Femme,2021-09-04,2024-05-11 12:08:25.072011,Mode,ordinateur portable,Birkenstock Arizona Big Buckle Nubuck Leather Burnt Orange
481,Sara Ouaziz,sara.ouaziz@gmail.com,65,Kénitra,Femme,2022-03-03,2024-10-24 03:22:26.804194,Électronique,ordinateur portable,Xtrike Souris USB Gamer Optical GM-510 avec 7 boutons et 4800 DPI
482,Fouad Essoufi,fouad.essoufi@yahoo.fr,29,Oujda,Homme,2022-03-15,2024-07-21 12:33:12.288858,Sport,téléphone,Adidas Chaussure Court Blanc
483,Said Mouline,said.mouline@gmail.com,35,Meknès,Homme,2023-10-12,2024-01-17 09:53:09.328629,Maison,ordinateur portable,Elit MARMITE POUR LES PÂTES
484,Amina Benchekroun,amina.benchekroun@hotmail.com,37,Fès,Femme,2020-04-08,2024-02-28 20:43:12.797712,Électronique,ordinateur portable,Data Frog 4K HD Console de jeu vidéo 2.4G Double contrôleur sans fil
485,Malak Belghazi,malak.belghazi@gmail.com,24,Agadir,Femme,2022-06-14,2024-09-21 06:51:49.690796,Maison,téléphone,Echolink 43 Smart TV Frameless FHD-43SK12-1080P - Récepteur Intégré - HDMI
486,Hanane El Kaidi,hanane.el kaidi@gmail.com,27,Safi,Femme,2022-08-08,2024-04-05 10:34:20.777979,Électronique,téléphone,"Logitech R500s, télécommande de présentation laser, Bluetooth, récepteur USB-A, cliqueur de présentation avec pointeur laser pour PowerPoint, Google Slides, pour Windows/MacOS"
487,Nawal Bouabid,nawal.bouabid@hotmail.com,30,Kénitra,Femme,2023-05-07,2024-04-25 02:44:29.692942,Électronique,téléphone,"Console de jeu vidéo sans fil, écran HD 4K 64Gb HDMI avec 20000 jeux + 2 Manettes"
488,Mounia El Mansouri,mounia.el mansouri@gmail.com,22,Rabat,Femme,2024-10-12,2024-07-22 09:46:38.089108,Mode,ordinateur portable,Jacket Homme-Automne noir
489,Saad Benyahia,saad.benyahia@yahoo.fr,47,Safi,Homme,2020-01-06,2024-03-04 00:24:48.635500,Maison,téléphone,Echolink 43 Smart TV Frameless FHD-43SK12-1080P - Récepteur Intégré - HDMI
490,Maha Daki,maha.daki@gmail.com,65,Nador,Femme,2023-09-27,2024-02-27 23:27:40.581110,Électronique,téléphone,"Console de jeux vidéo rétro 400 en 1, écran LCD de 3.0 pouces"
491,Mahdi El Idrissi,mahdi.el idrissi@gmail.com,27,Tanger,Homme,2020-08-24,2024-01-16 09:37:33.485324,Maison,téléphone,"Mellerware Batteur Mixeur Mélangeur MHM-301 5 Vitesses, 2 Fouets Métalliques - 2 ans de garantie"
492,Rachid Lahlou,rachid.lahlou@yahoo.fr,26,Meknès,Homme,2021-08-16,2024-05-08 21:23:59.353642,Maison,téléphone,Tableau moderne fleur jaune et doré 1 Pièce
493,Zakaria Derkaoui,zakaria.derkaoui@yahoo.fr,51,Tanger,Homme,2022-01-10,2024-11-10 06:05:46.038185,Sport,ordinateur portable,Adidas Chaussure Court Blanc
494,Mounir Chahboun,mounir.chahboun@hotmail.com,61,Fès,Homme,2020-02-04,2024-09-10 13:26:19.665997,Électronique,ordinateur portable,"Console de jeu vidéo sans fil, écran HD 4K 64Gb HDMI avec 10000 jeux + 2 Manettes"
495,Khouloud Bouabid,khouloud.bouabid@yahoo.fr,59,Tétouan,Femme,2022-08-19,2024-09-15 03:14:38.460545,Sport,téléphone,Adidas Chaussure Court Blanc
496,Yasmine Chaoui,yasmine.chaoui@yahoo.fr,24,Khouribga,Femme,2023-12-06,2024-10-06 14:11:49.868247,Sport,ordinateur portable,Adidas Chaussure Court Blanc
497,Yassine Laalami,yassine.laalami@hotmail.com,57,Beni Mellal,Homme,2020-05-06,2024-08-07 14:18:52.555027,Maison,ordinateur portable,"Mellerware Batteur Mixeur Mélangeur MHM-301 5 Vitesses, 2 Fouets Métalliques - 2 ans de garantie"
498,Rania El Ghazoui,rania.el ghazoui@gmail.com,30,Beni Mellal,Femme,2021-10-10,2024-10-06 10:01:27.483397,Maison,téléphone,Echolink 43 Smart TV Frameless FHD-43SK12-1080P - Récepteur Intégré - HDMI
499,Ayoub Chami,ayoub.chami@gmail.com,20,Rabat,Homme,2021-04-17,2024-05-31 16:33:21.222671,Électronique,téléphone,Ge Souris Wired Gaming RGB - Noir
500,Yasmine Abbadi,yasmine.abbadi@yahoo.fr,40,Rabat,Femme,2020-02-06,2024-03-10 02:37:24.464852,Maison,ordinateur portable,Tableau moderne fleur jaune et doré 1 Pièce
